id_hlasovani,turn,mode,id_h2,id_h3
77302,173,1,1,3
77303,173,1,2,4
77304,173,1,3,6
77305,173,1,4,7
77306,173,1,5,8
77307,173,1,6,9
77308,173,1,7,9
77309,173,1,8,9
77310,173,1,9,10
77311,173,1,10,12
77312,173,1,11,13
77313,173,1,12,13
77314,173,1,13,14
77315,173,1,14,15
77316,173,1,15,17
77317,173,1,16,17
77318,173,2,1,0
77319,173,2,2,0
77320,173,2,3,0
77321,173,2,4,0
77322,173,2,5,0
77323,173,2,6,0
77324,173,2,7,0
77325,173,2,8,2
77326,173,2,9,2
77327,173,2,10,3
77328,173,2,11,3
77329,173,2,12,3
77330,173,2,13,3
77331,173,2,14,3
77332,173,2,15,3
77333,173,2,16,3
77334,173,2,17,3
77335,173,2,18,3
77336,173,2,19,3
77337,173,2,20,3
77338,173,2,21,3
77339,173,2,22,3
77340,173,2,23,3
77341,173,2,24,3
77342,173,2,25,3
77343,173,2,26,3
77344,173,2,27,4
77345,173,2,28,5
77346,173,2,29,6
77347,173,2,30,7
77348,173,2,31,8
77349,173,2,32,9
77350,173,2,33,10
77351,173,2,34,11
77352,173,2,35,12
77353,173,2,36,13
77354,173,2,37,14
77355,173,2,38,15
77356,173,2,39,0
77357,173,2,40,0
77358,173,2,41,18
77359,173,2,42,18
77360,173,2,43,18
77361,173,2,44,18
77362,173,2,45,18
77363,173,2,46,18
77364,173,2,47,18
77365,173,2,48,18
77366,173,2,49,18
77367,173,2,50,18
77368,173,2,51,18
77369,173,2,52,18
77370,173,2,53,18
77371,173,2,54,18
77372,173,2,55,18
77373,173,2,56,18
77374,173,2,57,19
77375,173,2,58,19
77376,173,2,59,19
77377,173,2,60,19
77378,173,2,61,20
77379,173,2,62,21
77380,173,2,63,22
77381,173,2,64,23
77382,173,2,65,24
77383,173,2,66,25
77384,173,2,67,26
77385,173,2,68,27
77386,173,2,69,28
77387,173,2,70,29
77388,173,2,71,29
77389,173,2,72,29
77390,173,2,73,29
77391,173,2,74,29
77392,173,2,75,29
77393,173,2,76,29
77394,173,2,77,31
77395,173,3,1,0
77396,173,3,2,0
77397,173,3,3,0
77398,173,3,4,0
77399,173,3,5,0
77400,173,3,6,1
77401,173,3,7,0
77402,173,3,8,2
77403,173,3,9,0
77404,173,3,10,3
77405,173,3,11,1
77406,173,3,12,1
77407,173,3,13,1
77408,173,3,14,1
77409,173,3,15,1
77410,173,3,16,1
77411,173,3,17,1
77412,173,3,18,2
77413,173,3,19,2
77414,173,3,20,2
77415,173,3,21,3
77416,173,3,22,3
77417,173,3,23,3
77418,173,3,24,3
77419,173,3,25,3
77420,173,3,26,3
77421,173,3,27,0
77422,173,4,1,0
77423,173,4,2,0
77424,173,4,3,0
77425,173,4,4,0
77426,173,4,5,0
77427,173,4,6,0
77428,173,4,7,0
77429,173,4,8,0
77430,173,4,9,0
77431,173,4,10,0
77432,173,4,11,0
77433,173,4,12,0
77434,173,4,13,0
77435,173,4,14,0
77436,173,4,15,9
77437,173,4,16,9
77438,173,4,17,9
77439,173,4,18,1
77440,173,4,19,1
77441,173,4,20,4
77442,173,4,21,0
77443,173,4,22,5
77444,173,4,23,6
77445,173,4,24,6
77446,173,4,25,7
77447,173,4,26,7
77448,173,4,27,7
77449,173,4,28,8
77453,173,6,1,0
77451,173,5,1,0
77452,173,5,2,0
77454,173,6,2,0
77455,173,6,3,0
77456,173,6,4,0
77457,173,6,5,0
77458,173,6,6,0
77459,173,6,7,0
77460,173,6,8,0
77461,173,6,9,0
77462,173,6,10,0
77463,173,6,11,0
77464,173,6,12,0
77465,173,6,13,0
77466,173,6,14,1
77467,173,6,15,1
77468,173,6,16,1
77469,173,6,17,1
77470,173,6,18,1
77471,173,6,19,1
77472,173,6,20,1
77473,173,6,21,1
77474,173,6,22,1
77475,173,6,23,1
77476,173,6,24,1
77477,173,6,25,1
77478,173,6,26,1
77479,173,6,27,1
77480,173,6,28,1
77481,173,6,29,1
77482,173,6,30,2
77483,173,6,31,2
77484,173,6,32,2
77485,173,6,33,2
77486,173,6,34,2
77487,173,6,35,2
77488,173,6,36,2
77489,173,6,37,2
77490,173,6,38,3
77491,173,6,39,3
77492,173,6,40,4
77493,173,6,41,4
77494,173,6,42,4
77495,173,6,43,5
77496,173,6,44,5
77497,173,6,45,68
77498,173,7,1,0
77499,173,7,2,0
77500,173,6,46,68
77501,173,6,47,68
77502,173,6,48,0
77503,173,6,49,6
77504,173,6,50,6
77505,173,6,51,6
77506,173,6,52,6
77507,173,6,53,0
77508,173,6,54,0
77509,173,6,55,0
77510,173,6,56,0
77511,173,6,57,0
77512,173,6,58,0
77513,173,6,59,0
77514,173,6,60,0
77515,173,6,61,0
77516,173,6,62,0
77517,173,6,63,0
77518,173,6,64,78
77519,173,6,65,78
77520,173,6,66,78
77521,173,6,67,78
77522,173,6,68,60
77523,173,6,69,60
77524,173,6,70,37
77525,173,6,71,37
77526,173,6,72,42
77527,173,6,73,42
77528,173,6,74,42
77529,173,6,75,42
77530,173,6,76,42
77531,173,6,77,42
77532,173,6,78,0
77533,173,6,79,0
77534,173,6,80,0
77535,173,6,81,0
77536,173,6,82,0
77537,173,6,83,0
77538,173,6,84,0
77539,173,6,85,0
77540,173,6,86,0
77541,173,6,87,0
77542,173,6,88,0
77543,173,6,89,0
77544,173,6,90,0
77545,173,6,91,0
77546,173,6,92,0
77547,173,6,93,0
77548,173,6,94,0
77549,173,6,95,0
77550,173,6,96,0
77551,173,6,97,0
77552,173,6,98,0
77553,173,6,99,0
77554,173,6,100,0
77555,173,6,101,82
77556,173,6,102,82
77557,173,6,103,57
77558,173,6,104,57
77559,173,6,105,58
77560,173,6,106,58
77561,173,6,107,36
77562,173,6,108,0
77563,173,8,1,0
77564,173,8,2,0
77565,173,8,3,0
77566,173,8,4,0
77567,173,8,5,0
77568,173,8,6,0
77569,173,8,7,0
77570,173,8,8,0
77571,173,8,9,0
77572,173,8,10,0
77573,173,8,11,0
77574,173,8,12,0
77575,173,8,13,0
77576,173,8,14,0
77577,173,8,15,0
77578,173,8,16,0
77579,173,8,17,0
77580,173,8,18,0
77581,173,8,19,0
77582,173,8,20,0
77583,173,8,21,0
77584,173,8,22,0
77585,173,8,23,0
77586,173,8,24,0
77587,173,8,25,0
77588,173,8,26,0
77589,173,8,27,0
77590,173,8,28,0
77591,173,8,29,0
77592,173,8,30,0
77593,173,8,31,0
77594,173,8,32,0
77595,173,8,33,0
77596,173,8,34,0
77597,173,8,35,0
77598,173,8,36,0
77599,173,8,37,0
77600,173,8,38,0
77601,173,8,39,0
77602,173,8,40,0
77603,173,8,41,0
77604,173,8,42,0
77605,173,8,43,0
77606,173,8,44,0
77607,173,8,45,1
77608,173,8,46,1
77609,173,8,47,1
77610,173,8,48,1
77611,173,8,49,1
77612,173,8,50,1
77613,173,8,51,1
77614,173,8,52,1
77615,173,8,53,1
77616,173,8,54,1
77617,173,8,55,1
77618,173,8,56,1
77619,173,8,57,1
77620,173,8,58,1
77621,173,9,1,0
77622,173,9,2,0
77623,173,9,3,0
77624,173,9,4,0
77625,173,9,5,0
77626,173,9,6,0
77627,173,9,7,0
77628,173,9,8,0
77629,173,9,9,0
77630,173,9,10,0
77631,173,9,11,0
77632,173,9,12,0
77633,173,9,13,0
77634,173,9,14,0
77635,173,9,15,0
77636,173,9,16,0
77637,173,9,17,0
77638,173,9,18,0
77639,173,9,19,0
77640,173,9,20,0
77641,173,9,21,0
77642,173,9,22,0
77643,173,9,23,0
77644,173,9,24,0
77645,173,9,25,0
77646,173,9,26,0
77647,173,9,27,0
77648,173,9,28,0
77649,173,9,29,0
77650,173,9,30,0
77651,173,9,31,0
77652,173,9,32,0
77653,173,9,33,0
77654,173,9,34,0
77655,173,9,35,0
77656,173,9,36,0
77657,173,9,37,0
77658,173,9,38,0
77659,173,9,39,0
77660,173,9,40,0
77661,173,9,41,0
77662,173,9,42,0
77663,173,9,43,0
77664,173,9,44,0
77665,173,9,45,0
77666,173,9,46,0
77667,173,9,47,0
77668,173,9,48,0
77669,173,9,49,0
77670,173,9,50,0
77671,173,9,51,0
77672,173,9,52,0
77673,173,9,53,0
77674,173,9,54,0
77675,173,9,55,0
77676,173,9,56,0
77677,173,9,57,0
77678,173,9,58,0
77679,173,9,59,0
77680,173,9,60,0
77681,173,9,61,0
77682,173,9,62,0
77683,173,9,63,0
77684,173,9,64,0
77685,173,9,65,0
77686,173,9,66,0
77687,173,9,67,0
77688,173,9,68,0
77689,173,9,69,0
77690,173,9,70,0
77691,173,9,71,0
77692,173,9,72,0
77693,173,9,73,0
77694,173,9,74,0
77695,173,9,75,0
77696,173,9,76,0
77697,173,9,77,0
77698,173,9,78,0
77699,173,9,79,0
77700,173,9,80,0
77701,173,9,81,0
77702,173,9,82,0
77703,173,9,83,0
77704,173,9,84,0
77705,173,9,85,1
77706,173,9,86,1
77707,173,9,87,1
77708,173,9,88,1
77709,173,10,1,0
77710,173,10,2,0
77711,173,11,1,0
77712,173,11,2,0
77713,173,11,3,1
77714,173,9,89,0
77715,173,9,90,0
77716,173,9,91,1
77717,173,9,92,81
77718,173,9,93,81
77719,173,9,94,83
77720,173,9,95,84
77721,173,9,96,85
77722,173,9,97,86
77723,173,9,98,87
77724,173,9,99,88
77725,173,11,4,0
77726,173,11,5,0
77727,173,11,6,2
77728,173,12,1,0
77729,173,12,2,0
77730,173,13,1,0
77731,173,13,2,0
77732,173,13,3,0
77733,173,13,4,1
77734,173,9,100,0
77735,173,9,101,0
77736,173,9,102,0
77737,173,9,103,0
77738,173,9,104,0
77739,173,9,105,0
77740,173,9,106,0
77741,173,9,107,0
77742,173,9,108,0
77743,173,9,109,0
77744,173,9,110,0
77745,173,9,111,0
77746,173,9,112,0
77747,173,9,113,21
77748,173,9,114,21
77749,173,9,115,8
77750,173,9,116,12
77751,173,9,117,12
77752,173,9,118,78
77753,173,9,119,78
77754,173,9,120,78
77755,173,9,121,16
77756,173,9,122,16
77757,173,9,123,17
77758,173,9,124,17
77759,173,9,125,5
77760,173,9,126,5
77761,173,9,127,10
77762,173,9,128,10
77763,173,9,129,10
77764,173,9,130,9
77765,173,9,131,9
77766,173,9,132,13
77767,173,9,133,13
77768,173,9,134,48
77769,173,9,135,48
77770,173,9,136,48
77771,173,9,137,23
77772,173,9,138,23
77773,173,9,139,0
77774,173,9,140,107
77775,173,9,141,107
77776,173,9,142,107
77777,173,9,143,0
77778,173,9,144,108
77779,173,9,145,68
77780,173,9,146,69
77781,173,9,147,70
77782,173,9,148,71
77783,173,9,149,72
77784,173,9,150,73
77785,173,9,151,74
77786,173,9,152,75
77787,173,9,153,75
77788,173,9,154,76
77789,173,9,155,25
77790,173,9,156,25
77791,173,9,157,26
77792,173,9,158,0
77793,173,14,1,0
77794,173,14,2,0
77795,173,14,3,1
77796,173,14,4,1
77797,173,14,5,1
77798,173,14,6,1
77799,173,14,7,1
77800,173,14,8,1
77801,173,14,9,1
77802,173,14,10,1
77803,173,14,11,1
77804,173,14,12,1
77805,173,14,13,1
77806,173,14,14,1
77807,173,14,15,1
77808,173,14,16,1
77809,173,14,17,1
77810,173,14,18,1
77811,173,14,19,1
77812,173,14,20,1
77813,173,14,21,1
77814,173,14,22,1
77815,173,14,23,1
77816,173,14,24,1
77817,173,14,25,1
77818,173,14,26,1
77819,173,14,27,1
77820,173,14,28,1
77821,173,14,29,1
77822,173,14,30,1
77823,173,14,31,1
77824,173,14,32,1
77825,173,14,33,1
77826,173,14,34,1
77827,173,14,35,1
77828,173,14,36,1
77829,173,14,37,1
77830,173,14,38,1
77831,173,14,39,1
77832,173,14,40,1
77833,173,14,41,1
77834,173,14,42,1
77835,173,14,43,1
77836,173,14,44,1
77837,173,14,45,1
77838,173,14,46,1
77839,173,14,47,1
77840,173,14,48,1
77841,173,14,49,1
77842,173,14,50,1
77843,173,14,51,1
77844,173,14,52,1
77845,173,14,53,1
77846,173,14,54,1
77847,173,14,55,1
77848,173,14,56,1
77849,173,14,57,1
77850,173,14,58,1
77851,173,14,59,1
77852,173,14,60,1
77853,173,14,61,1
77854,173,14,62,1
77855,173,14,63,1
77856,173,14,64,1
77857,173,14,65,1
77858,173,14,66,1
77859,173,14,67,1
77860,173,14,68,1
77861,173,14,69,1
77862,173,14,70,1
77863,173,14,71,1
77864,173,14,72,1
77865,173,14,73,1
77866,173,14,74,1
77867,173,14,75,1
77868,173,14,76,1
77869,173,14,77,1
77870,173,14,78,1
77871,173,14,79,1
77872,173,14,80,1
77873,173,14,81,1
77874,173,14,82,1
77875,173,14,83,1
77876,173,14,84,1
77877,173,14,85,1
77878,173,14,86,1
77879,173,14,87,1
77880,173,14,88,1
77881,173,14,89,1
77882,173,14,90,1
77883,173,14,91,1
77884,173,14,92,1
77885,173,14,93,1
77886,173,14,94,1
77887,173,14,95,1
77888,173,14,96,1
77889,173,14,97,1
77890,173,14,98,2
77891,173,14,99,3
77892,173,14,100,4
77893,173,14,101,5
77894,173,14,102,6
77895,173,14,103,7
77896,173,15,1,0
77897,173,15,2,0
77898,173,15,3,0
77899,173,15,4,1
77900,173,15,5,1
77901,173,15,6,2
77902,173,15,7,2
77903,173,15,8,3
77904,173,15,9,3
77905,173,15,10,1
77906,173,15,11,1
77907,173,15,12,1
77908,173,15,13,1
77909,173,15,14,1
77910,173,15,15,2
77911,173,15,16,2
77912,173,15,17,2
77913,173,15,18,2
77914,173,15,19,2
77915,173,15,20,2
77916,173,15,21,3
77917,173,15,22,3
77918,173,15,23,3
77919,173,15,24,3
77920,173,16,1,0
77921,173,16,2,0
77922,173,16,3,0
77923,173,16,4,0
77924,173,16,5,0
77925,173,16,6,0
77926,173,16,7,0
77927,173,16,8,0
77928,173,16,9,0
77929,173,16,10,0
77930,173,16,11,0
77931,173,16,12,0
77932,173,16,13,0
77933,173,16,14,0
77934,173,16,15,0
77935,173,16,16,0
77936,173,16,17,0
77937,173,16,18,0
77938,173,16,19,2
77939,173,16,20,2
77940,173,16,21,3
77941,173,16,22,3
77942,173,16,23,4
77943,173,16,24,4
77944,173,16,25,77
77945,173,16,26,77
77946,173,16,27,77
77947,173,16,28,77
77948,173,16,29,77
77949,173,16,30,78
77950,173,16,31,78
77951,173,16,32,78
77952,173,16,33,5
77953,173,16,34,5
77954,173,16,35,5
77955,173,16,36,5
77956,173,16,37,6
77957,173,16,38,6
77958,173,16,39,80
77959,173,16,40,80
77960,173,16,41,82
77961,173,16,42,83
77962,173,16,43,84
77963,173,16,44,85
77964,173,16,45,86
77965,173,16,46,0
77966,173,16,47,0
77967,173,16,48,0
77968,173,16,49,115
77969,173,16,50,75
77970,173,16,51,75
77971,173,16,52,76
77972,173,16,53,76
77973,173,16,54,63
77974,173,16,55,63
77975,173,16,56,64
77976,173,16,57,65
77977,173,16,58,66
77978,173,16,59,69
77979,173,16,60,70
77980,173,16,61,71
77981,173,16,62,0
77982,173,16,63,72
77983,173,16,64,73
77984,173,16,65,26
77985,173,16,66,26
77986,173,16,67,26
77987,173,16,68,26
77988,173,16,69,26
77989,173,16,70,46
77990,173,16,71,46
77991,173,16,72,31
77992,173,16,73,12
77993,173,16,74,12
77994,173,16,75,12
77995,173,16,76,12
77996,173,16,77,12
77997,173,16,78,12
77998,173,16,79,12
77999,173,16,80,12
78000,173,16,81,12
78001,173,16,82,12
78002,173,16,83,12
78003,173,16,84,12
78004,173,16,85,12
78005,173,16,86,12
78006,173,16,87,12
78007,173,16,88,12
78008,173,16,89,12
78009,173,16,90,12
78010,173,17,1,0
78011,173,17,2,0
78012,173,17,3,1
78013,173,17,4,1
78014,173,17,5,1
78015,173,17,6,1
78016,173,17,7,1
78017,173,17,8,1
78018,173,17,9,1
78019,173,16,91,0
78020,173,16,92,0
78021,173,16,93,0
78022,173,16,94,0
78023,173,16,95,0
78024,173,16,96,0
78025,173,16,97,120
78026,173,16,98,15
78027,173,16,99,16
78028,173,16,100,16
78029,173,16,101,16
78030,173,16,102,16
78031,173,16,103,16
78032,173,16,104,20
78033,173,16,105,20
78034,173,16,106,20
78035,173,16,107,14
78036,173,16,108,14
78037,173,16,109,14
78038,173,16,110,14
78039,173,16,111,14
78040,173,16,112,23
78041,173,16,113,23
78042,173,16,114,23
78043,173,16,115,24
78044,173,16,116,24
78045,173,16,117,0
78046,173,16,118,0
78047,173,16,119,0
78048,173,16,120,0
78049,173,16,121,79
78050,173,16,122,7
78051,173,16,123,7
78052,173,16,124,7
78053,173,16,125,7
78054,173,16,126,121
78055,173,16,127,0
78056,173,16,128,0
78057,173,16,129,87
78058,173,16,130,88
78059,173,16,131,89
78060,173,16,132,90
78061,173,16,133,91
78062,173,16,134,92
78063,173,16,135,93
78064,173,16,136,94
78065,173,16,137,95
78066,173,16,138,96
78067,173,18,1,0
78068,173,18,2,0
78069,173,16,139,0
78070,173,16,140,0
78071,173,16,141,0
78072,173,16,142,0
78073,173,19,1,0
78074,173,19,2,0
78075,173,19,3,0
78076,173,19,4,0
78077,173,19,5,0
78078,173,19,6,0
78079,173,19,7,0
78080,173,19,8,0
78081,173,19,9,0
78082,173,19,10,0
78083,173,19,11,0
78084,173,19,12,0
78085,173,19,13,0
78086,173,19,14,0
78087,173,19,15,0
78088,173,19,16,0
78089,173,19,17,0
78090,173,19,18,0
78091,173,19,19,0
78092,173,19,20,0
78093,173,19,21,0
78094,173,19,22,0
78095,173,19,23,0
78096,173,19,24,0
78097,173,19,25,0
78098,173,19,26,0
78099,173,19,27,0
78100,173,19,28,0
78101,173,19,29,0
78102,173,19,30,0
78103,173,19,31,0
78104,173,19,32,23
78105,173,19,33,23
78106,173,19,34,23
78107,173,19,35,23
78108,173,19,36,23
78109,173,19,37,0
78110,173,19,38,0
78111,173,19,39,0
78112,173,19,40,0
78113,173,19,41,0
78114,173,19,42,0
78115,173,19,43,0
78116,173,19,44,0
78117,173,19,45,0
78118,173,19,46,73
78119,173,19,47,82
78120,173,19,48,83
78121,173,19,49,22
78122,173,19,50,22
78123,173,19,51,83
78124,173,19,52,0
78125,173,19,53,0
78126,173,19,54,19
78127,173,19,55,19
78128,173,19,56,20
78129,173,19,57,20
78130,173,19,58,13
78131,173,19,59,0
78132,173,19,60,0
78133,173,19,61,0
78134,173,19,62,108
78135,173,19,63,4
78136,173,20,1,0
78137,173,20,2,0
78138,173,20,3,0
78139,173,20,4,1
78140,173,20,5,1
78141,173,20,6,1
78142,173,20,7,1
78143,173,20,8,1
78144,173,20,9,2
78145,173,20,10,2
78146,173,20,11,0
78147,173,20,12,0
78148,173,22,1,0
78149,173,22,2,0
78150,173,22,3,0
78151,173,22,4,1
78152,173,22,5,1
78153,173,22,6,2
78154,173,20,13,2
78155,173,20,14,2
78156,173,20,15,2
78157,173,20,16,2
78158,173,20,17,2
78159,173,20,18,2
78160,173,21,1,0
78161,173,21,2,0
78162,173,21,3,0
78163,173,19,64,0
78164,173,19,65,0
78165,173,19,66,0
78166,173,19,67,0
78167,173,19,68,0
78168,173,19,69,0
78169,173,19,70,0
78170,173,19,71,0
78171,173,19,72,0
78172,173,19,73,0
78173,173,19,74,0
78174,173,19,75,0
78175,173,19,76,0
78176,173,19,77,0
78177,173,19,78,0
78178,173,19,79,0
78179,173,19,80,0
78180,173,19,81,0
78181,173,19,82,110
78182,173,19,83,0
78183,173,19,84,0
78184,173,19,85,0
78185,173,19,86,0
78186,173,19,87,0
78187,173,19,88,0
78188,173,19,89,78
78189,173,19,90,6
78190,173,19,91,113
78191,173,19,92,114
78192,173,19,93,66
78193,173,19,94,67
78194,173,19,95,71
78195,173,19,96,71
78196,173,19,97,72
78197,173,19,98,70
78198,173,23,1,0
78199,173,23,2,0
78200,173,19,99,0
78201,173,19,100,0
78202,173,19,101,0
78203,173,19,102,0
78204,173,19,103,0
78205,173,19,104,75
78206,173,19,105,75
78207,173,19,106,76
78208,173,19,107,76
78209,173,19,108,7
78210,173,19,109,77
78211,173,19,110,77
78212,173,19,111,77
78213,173,19,112,77
78214,173,19,113,77
78215,173,19,114,77
78216,173,19,115,77
78217,173,19,116,77
78218,173,19,117,77
78219,173,19,118,0
78220,173,24,1,0
78221,173,24,2,0
78222,173,24,3,1
78223,173,24,4,1
78224,173,24,5,1
78225,173,24,6,1
78226,173,24,7,1
78295,173,25,68,0
78228,173,25,1,0
78229,173,25,2,0
78230,173,25,3,0
78231,173,25,4,0
78232,173,25,5,0
78233,173,25,6,0
78234,173,25,7,0
78235,173,25,8,0
78236,173,25,9,0
78237,173,25,10,0
78238,173,25,11,0
78239,173,25,12,0
78240,173,25,13,0
78241,173,25,14,0
78242,173,25,15,0
78243,173,25,16,0
78244,173,25,17,0
78245,173,25,18,0
78246,173,25,19,0
78247,173,25,20,1
78248,173,25,21,1
78249,173,25,22,1
78250,173,25,23,1
78251,173,25,24,1
78252,173,25,25,1
78253,173,25,26,1
78254,173,25,27,1
78255,173,25,28,1
78256,173,25,29,1
78257,173,25,30,0
78258,173,25,31,77
78259,173,25,32,77
78260,173,25,33,32
78261,173,25,34,32
78262,173,25,35,0
78263,173,25,36,138
78264,173,25,37,78
78265,173,25,38,78
78266,173,25,39,78
78267,173,25,40,78
78268,173,25,41,78
78269,173,25,42,2
78270,173,25,43,2
78271,173,25,44,2
78272,173,25,45,2
78273,173,25,46,15
78274,173,25,47,15
78275,173,25,48,16
78276,173,25,49,16
78277,173,25,50,17
78278,173,25,51,0
78279,173,25,52,103
78280,173,25,53,6
78281,173,25,54,18
78282,173,25,55,18
78283,173,25,56,18
78284,173,25,57,18
78285,173,25,58,19
78286,173,25,59,19
78287,173,25,60,20
78288,173,25,61,20
78289,173,25,62,20
78290,173,25,63,21
78291,173,25,64,21
78292,173,25,65,21
78293,173,25,66,110
78294,173,25,67,111
78296,173,25,69,0
78297,173,25,70,0
78298,173,25,71,0
78299,173,25,72,0
78300,173,25,73,0
78301,173,25,74,0
78302,173,25,75,0
78303,173,25,76,0
78304,173,25,77,0
78305,173,25,78,0
78306,173,25,79,0
78307,173,25,80,0
78308,173,25,81,0
78309,173,25,82,0
78310,173,25,83,0
78311,173,25,84,0
78312,173,25,85,144
78313,173,25,86,0
78314,173,25,87,145
78315,173,25,88,0
78316,173,25,89,146
78317,173,25,90,0
78318,173,25,91,147
78319,173,25,92,144
78320,173,25,93,144
78321,173,25,94,144
78322,173,25,95,144
78323,173,25,96,144
78324,173,25,97,144
78325,173,25,98,144
78326,173,25,99,144
78327,173,25,100,144
78328,173,25,101,144
78329,173,25,102,144
78330,173,25,103,145
78331,173,25,104,145
78332,173,25,105,145
78333,173,25,106,145
78334,173,25,107,146
78335,173,25,108,146
78336,173,25,109,146
78337,173,25,110,146
78338,173,25,111,146
78339,173,25,112,147
78340,173,25,113,147
78341,173,25,114,147
78342,173,25,115,147
78343,173,25,116,0
78344,173,25,117,0
78345,173,25,118,0
78346,173,25,119,33
78347,173,25,120,33
78348,173,25,121,33
78349,173,25,122,33
78350,173,25,123,23
78351,173,25,124,24
78352,173,25,125,24
78353,173,25,126,148
78354,173,25,127,148
78355,173,25,128,24
78356,173,25,129,31
78357,173,25,130,31
78358,173,25,131,31
78359,173,25,132,31
78360,173,25,133,112
78361,173,25,134,112
78362,173,26,1,0
78363,173,26,2,0
78364,173,26,3,1
78365,173,26,4,1
78366,173,26,5,2
78367,173,26,6,2
78368,173,26,7,3
78369,173,26,8,3
78370,173,25,135,112
78371,173,25,136,112
78372,173,25,137,112
78373,173,25,138,112
78374,173,25,139,113
78375,173,25,140,113
78376,173,25,141,113
78377,173,25,142,113
78378,173,25,143,113
78379,173,25,144,113
78380,173,25,145,113
78381,173,25,146,113
78382,173,25,147,113
78383,173,25,148,113
78384,173,25,149,113
78385,173,25,150,113
78386,173,25,151,113
78387,173,25,152,0
78388,173,25,153,0
78389,173,25,154,0
78390,173,25,155,0
78391,173,25,156,0
78392,173,25,157,29
78393,173,25,158,29
78394,173,25,159,80
78395,173,25,160,81
78396,173,25,161,82
78397,173,25,162,83
78398,173,25,163,84
78399,173,25,164,85
78400,173,25,165,86
78401,173,25,166,87
78402,173,25,167,88
78403,173,25,168,89
78404,173,25,169,90
78405,173,25,170,91
78406,173,25,171,92
78407,173,25,172,93
78408,173,25,173,0
78409,173,25,174,0
78410,173,25,175,0
78411,173,25,176,0
78412,173,25,177,0
78413,173,25,178,0
78414,173,25,179,151
78415,173,25,180,26
78416,173,25,181,26
78417,173,25,182,26
78418,173,25,183,152
78419,173,25,184,13
78420,173,25,185,149
78421,173,25,186,149
78422,173,25,187,149
78423,173,25,188,149
78424,173,25,189,149
78425,173,25,190,149
78426,173,25,191,149
78427,173,25,192,149
78428,173,25,193,149
78429,173,25,194,149
78430,173,25,195,149
78431,173,25,196,149
78432,173,25,197,149
78433,173,25,198,149
78434,173,25,199,149
78435,173,25,200,149
78436,173,25,201,149
78437,173,25,202,149
78438,173,25,203,149
78439,173,25,204,149
78440,173,25,205,149
78441,173,25,206,149
78442,173,25,207,149
78443,173,25,208,149
78444,173,25,209,149
78445,173,25,210,149
78446,173,25,211,149
78447,173,25,212,149
78448,173,25,213,149
78449,173,25,214,149
78450,173,25,215,149
78451,173,25,216,149
78452,173,25,217,149
78453,173,25,218,149
78454,173,25,219,149
78455,173,25,220,149
78456,173,25,221,149
78457,173,25,222,149
78458,173,25,223,0
78459,173,27,1,0
78460,173,27,2,0
78461,173,27,3,1
78462,173,27,4,2
78463,173,27,5,2
78464,173,27,6,2
78465,173,27,7,2
78466,173,28,1,0
78467,173,28,2,0
78468,173,28,3,1
78469,173,28,4,1
78470,173,28,5,1
78471,173,28,6,1
78472,173,28,7,1
78473,173,28,8,1
78474,173,28,9,1
78475,173,28,10,1
78476,173,30,1,0
78477,173,31,1,0
78478,173,31,2,0
78479,173,31,3,1
78480,173,31,4,1
78481,173,31,5,1
78482,173,31,6,2
78483,173,31,7,2
78484,173,31,8,2
78485,173,31,9,3
78486,173,31,10,3
78487,173,31,11,4
78488,173,31,12,4
78489,173,31,13,4
78490,173,31,14,4
78491,173,31,15,5
78492,173,31,16,5
78493,173,31,17,6
78494,173,31,18,7
78495,173,31,19,7
78496,173,31,20,7
78497,173,31,21,8
78498,173,29,1,0
78499,173,29,2,0
78500,173,29,3,0
78501,173,29,4,0
78502,173,29,5,0
78503,173,29,6,0
78504,173,29,7,0
78505,173,29,8,0
78506,173,29,9,0
78507,173,29,10,0
78508,173,29,11,0
78509,173,29,12,0
78510,173,29,13,0
78511,173,29,14,0
78512,173,29,15,0
78513,173,29,16,0
78514,173,29,17,0
78515,173,29,18,1
78516,173,31,22,9
78517,173,31,23,9
78518,173,31,24,9
78519,173,31,25,10
78520,173,31,26,11
78521,173,31,27,0
78522,173,29,19,0
78523,173,29,20,0
78524,173,29,21,8
78525,173,29,22,8
78526,173,29,23,8
78527,173,29,24,8
78528,173,29,25,8
78529,173,29,26,8
78530,173,29,27,8
78531,173,29,28,8
78532,173,29,29,8
78533,173,29,30,8
78534,173,29,31,3
78535,173,29,32,3
78536,173,29,33,3
78537,173,29,34,3
78538,173,29,35,3
78539,173,29,36,3
78540,173,29,37,3
78541,173,29,38,3
78542,173,29,39,3
78543,173,29,40,6
78544,173,29,41,6
78545,173,29,42,6
78546,173,29,43,6
78547,173,29,44,6
78548,173,29,45,6
78549,173,29,46,7
78550,173,29,47,7
78551,173,29,48,7
78552,173,29,49,7
78553,173,29,50,7
78554,173,29,51,7
78555,173,29,52,7
78556,173,29,53,7
78557,173,29,54,7
78558,173,29,55,7
78559,173,29,56,10
78560,173,29,57,11
78561,173,29,58,11
78562,173,29,59,13
78563,173,29,60,12
78564,173,29,61,12
78565,173,29,62,12
78566,173,29,63,12
78567,173,32,1,0
78568,173,32,2,0
78569,173,32,3,0
78570,173,32,4,1
78571,173,32,5,1
78572,173,32,6,1
78573,173,32,7,1
78574,173,32,8,1
78575,173,32,9,1
78576,173,32,10,1
78577,173,29,64,0
78578,173,29,65,0
78579,173,29,66,0
78580,173,29,67,0
78581,173,29,68,0
78582,173,29,69,0
78583,173,29,70,0
78584,173,29,71,2
78585,173,29,72,2
78586,173,29,73,2
78587,173,29,74,2
78588,173,29,75,2
78589,173,29,76,2
78590,173,29,77,2
78591,173,29,78,2
78592,173,29,79,16
78593,173,29,80,16
78594,173,29,81,16
78595,173,29,82,16
78596,173,29,83,4
78597,173,29,84,4
78598,173,29,85,4
78599,173,29,86,4
78600,173,29,87,4
78601,173,29,88,4
78602,173,29,89,4
78603,173,29,90,4
78604,173,29,91,5
78605,173,29,92,5
78606,173,29,93,5
78607,173,29,94,5
78608,173,29,95,5
78609,173,33,1,0
78610,173,33,2,0
78611,173,33,3,0
78612,173,33,4,0
78613,173,33,5,0
78614,173,33,6,0
78615,173,33,7,0
78616,173,33,8,0
78617,173,33,9,0
78618,173,33,10,0
78619,173,33,11,0
78620,173,33,12,0
78621,173,33,13,0
78622,173,33,14,0
78623,173,33,15,0
78624,173,33,16,0
78625,173,33,17,0
78626,173,33,18,0
78627,173,33,19,0
78628,173,33,20,0
78629,173,33,21,0
78630,173,33,22,0
78631,173,33,23,0
78632,173,33,24,0
78633,173,33,25,0
78634,173,33,26,0
78635,173,33,27,0
78636,173,33,28,0
78637,173,33,29,0
78638,173,33,30,0
78639,173,33,31,0
78640,173,33,32,0
78641,173,33,33,0
78642,173,33,34,0
78643,173,33,35,0
78644,173,33,36,0
78645,173,33,37,0
78646,173,33,38,0
78647,173,33,39,0
78648,173,33,40,0
78649,173,33,41,0
78650,173,33,42,0
78651,173,33,43,0
78652,173,33,44,0
78653,173,33,45,0
78654,173,33,46,0
78655,173,33,47,0
78656,173,33,48,0
78657,173,33,49,0
78658,173,33,50,0
78659,173,33,51,0
78660,173,33,52,0
78661,173,33,53,0
78662,173,33,54,0
78663,173,33,55,0
78664,173,33,56,0
78665,173,33,57,0
78666,173,33,58,0
78667,173,33,59,0
78668,173,33,60,0
78669,173,33,61,0
78670,173,33,62,0
78671,173,33,63,0
78672,173,33,64,0
78673,173,33,65,0
78674,173,33,66,0
78675,173,33,67,0
78676,173,33,68,0
78677,173,33,69,0
78678,173,33,70,0
78679,173,33,71,0
78680,173,33,72,0
78681,173,33,73,0
78682,173,33,74,1
78683,173,33,75,1
78684,173,33,76,1
78685,173,33,77,1
78686,173,33,78,1
78687,173,33,79,2
78688,173,33,80,2
78689,173,33,81,3
78690,173,33,82,3
78691,173,33,83,3
78692,173,36,1,0
78693,173,36,2,1
78694,173,36,3,1
78695,173,35,1,0
78696,173,35,2,0
78697,173,35,3,0
78698,173,35,4,0
78699,173,35,5,0
78700,173,35,6,0
78701,173,35,7,0
78702,173,35,8,0
78703,173,35,9,0
78704,173,35,10,0
78705,173,35,11,0
78706,173,35,12,0
78707,173,35,13,0
78708,173,35,14,0
78709,173,35,15,0
78710,173,35,16,0
78711,173,35,17,0
78712,173,35,18,0
78713,173,35,19,0
78714,173,35,20,0
78715,173,35,21,0
78716,173,35,22,0
78717,173,35,23,25
78718,173,35,24,25
78719,173,35,25,31
78720,173,35,26,31
78721,173,35,27,1
78722,173,35,28,1
78723,173,35,29,1
78724,173,35,30,96
78725,173,35,31,96
78726,173,35,32,164
78727,173,35,33,164
78728,173,35,34,30
78729,173,35,35,132
78730,173,35,36,132
78731,173,35,37,30
78732,173,35,38,30
78733,173,35,39,30
78734,173,35,40,170
78735,173,35,41,0
78736,173,35,42,0
78737,173,35,43,0
78738,173,35,44,0
78739,173,35,45,99
78740,173,35,46,100
78741,173,35,47,101
78742,173,35,48,102
78743,173,35,49,33
78744,173,35,50,33
78745,173,35,51,33
78746,173,35,52,33
78747,173,35,53,33
78748,173,35,54,33
78749,173,35,55,166
78750,173,35,56,26
78751,173,35,57,26
78752,173,35,58,2
78753,173,35,59,0
78754,173,35,60,0
78755,173,35,61,0
78756,173,35,62,0
78757,173,35,63,0
78758,173,35,64,0
78759,173,35,65,106
78760,173,35,66,106
78761,173,35,67,106
78762,173,35,68,106
78763,173,35,69,106
78764,173,35,70,107
78765,173,35,71,107
78766,173,35,72,107
78767,173,35,73,107
78768,173,35,74,107
78769,173,35,75,107
78770,173,35,76,107
78771,173,35,77,107
78772,173,35,78,107
78773,173,35,79,107
78774,173,35,80,107
78775,173,35,81,108
78776,173,35,82,108
78777,173,35,83,109
78778,173,35,84,109
78779,173,39,1,0
78780,173,39,2,0
78781,173,39,3,0
78782,173,39,4,0
78783,173,39,5,1
78784,173,39,6,2
78785,173,39,7,2
78786,173,39,8,1
78787,173,37,1,0
78788,173,37,2,0
78789,173,37,3,0
78790,173,38,1,0
78791,173,38,2,0
78792,173,39,9,2
78793,173,39,10,2
78794,173,39,11,2
78795,173,39,12,2
78796,173,39,13,2
78797,173,35,85,0
78798,173,35,86,0
78799,173,35,87,0
78800,173,35,88,0
78801,173,35,89,0
78802,173,35,90,0
78803,173,35,91,95
78804,173,35,92,95
78805,173,35,93,95
78806,173,35,94,95
78807,173,40,1,0
78808,173,40,2,0
78809,173,40,3,1
78810,173,40,4,2
78811,173,40,5,2
78812,173,40,6,3
78813,173,40,7,3
78814,173,40,8,4
78815,173,40,9,5
78816,173,40,10,5
78817,173,35,95,0
78818,173,35,96,0
78819,173,35,97,0
78820,173,35,98,0
78821,173,35,99,110
78822,173,35,100,110
78823,173,35,101,110
78824,173,35,102,110
78825,173,35,103,110
78826,173,35,104,110
78827,173,35,105,110
78828,173,35,106,110
78829,173,35,107,110
78830,173,35,108,110
78831,173,35,109,110
78832,173,35,110,110
78833,173,35,111,110
78834,173,35,112,110
78835,173,35,113,110
78836,173,35,114,110
78837,173,35,115,110
78838,173,35,116,110
78839,173,35,117,110
78840,173,35,118,116
78841,173,35,119,116
78842,173,35,120,116
78843,173,35,121,116
78844,173,35,122,116
78845,173,35,123,116
78846,173,35,124,127
78847,173,35,125,127
78848,173,35,126,159
78849,173,35,127,172
78850,173,35,128,113
78851,173,35,129,118
78852,173,35,130,118
78853,173,35,131,118
78854,173,35,132,118
78855,173,35,133,0
78856,173,41,1,0
78857,173,41,2,0
78858,173,41,3,0
78859,173,41,4,0
78860,173,41,5,0
78861,173,41,6,0
78862,173,41,7,0
78863,173,41,8,0
78864,173,41,9,0
78865,173,41,10,0
78866,173,41,11,0
78867,173,41,12,0
78868,173,41,13,0
78869,173,41,14,0
78870,173,41,15,0
78871,173,41,16,0
78872,173,41,17,0
78873,173,41,18,0
78874,173,41,19,0
78875,173,41,20,0
78876,173,41,21,0
78877,173,41,22,0
78878,173,41,23,0
78879,173,41,24,0
78880,173,41,25,0
78881,173,41,26,0
78882,173,41,27,0
78883,173,41,28,0
78884,173,41,29,0
78885,173,41,30,0
78886,173,41,31,0
78887,173,41,32,0
78888,173,41,33,0
78889,173,41,34,0
78890,173,41,35,0
78891,173,41,36,0
78892,173,41,37,0
78893,173,41,38,0
78894,173,41,39,0
78895,173,41,40,0
78896,173,41,41,0
78897,173,41,42,0
78898,173,41,43,0
78899,173,41,44,0
78900,173,41,45,0
78901,173,41,46,0
78902,173,41,47,0
78903,173,41,48,0
78904,173,41,49,0
78905,173,41,50,0
78906,173,41,51,0
78907,173,41,52,0
78908,173,41,53,14
78909,173,41,54,13
78910,173,41,55,157
78911,173,41,56,0
78912,173,41,57,0
78913,173,41,58,0
78914,173,41,59,0
78915,173,41,60,0
78916,173,41,61,0
78917,173,41,62,0
78918,173,41,63,0
78919,173,41,64,157
78920,173,41,65,157
78921,173,41,66,0
78922,173,41,67,0
78923,173,41,68,0
78924,173,41,69,96
78925,173,41,70,96
78926,173,41,71,96
78927,173,41,72,97
78928,173,41,73,97
78929,173,41,74,97
78930,173,41,75,97
78931,173,41,76,97
78932,173,41,77,97
78933,173,41,78,97
78934,173,41,79,97
78935,173,41,80,97
78936,173,41,81,97
78937,173,41,82,99
78938,173,41,83,99
78939,173,41,84,99
78940,173,41,85,99
78941,173,41,86,99
78942,173,41,87,99
78943,173,41,88,99
78944,173,41,89,100
78945,173,41,90,100
78946,173,41,91,100
78947,173,41,92,100
78948,173,41,93,100
78949,173,41,94,100
78950,173,41,95,100
78951,173,41,96,100
78952,173,41,97,101
78953,173,41,98,101
78954,173,41,99,101
78955,173,41,100,101
78956,173,41,101,101
78957,173,41,102,101
78958,173,41,103,101
78959,173,41,104,102
78960,173,41,105,102
78961,173,41,106,102
78962,173,41,107,102
78963,173,41,108,102
78964,173,41,109,102
78965,173,41,110,103
78966,173,41,111,103
78967,173,41,112,103
78968,173,41,113,103
78969,173,41,114,103
78970,173,41,115,103
78971,173,41,116,103
78972,173,41,117,103
78973,173,41,118,103
78974,173,41,119,103
78975,173,41,120,103
78976,173,41,121,103
78977,173,41,122,103
78978,173,41,123,104
78979,173,41,124,104
78980,173,41,125,29
78981,173,41,126,29
78982,173,41,127,12
78983,173,41,128,28
78984,173,41,129,28
78985,173,41,130,28
78986,173,41,131,28
78987,173,41,132,53
78988,173,42,1,0
78989,173,42,2,0
78990,173,42,3,0
78991,173,42,4,1
78992,173,42,5,1
78993,173,42,6,1
78994,173,42,7,1
78995,173,42,8,1
78996,173,42,9,1
78997,173,42,10,1
78998,173,42,11,1
78999,173,42,12,1
79000,173,42,13,1
79001,173,42,14,1
79002,173,42,15,1
79003,173,42,16,1
79004,173,42,17,1
79005,173,42,18,1
79006,173,42,19,1
79007,173,42,20,1
79008,173,42,21,1
79009,173,42,22,1
79010,173,42,23,1
79011,173,42,24,1
79012,173,42,25,1
79013,173,42,26,1
79014,173,42,27,1
79015,173,42,28,1
79016,173,42,29,1
79017,173,42,30,1
79018,173,42,31,1
79019,173,42,32,1
79020,173,42,33,1
79021,173,42,34,1
79022,173,42,35,1
79023,173,42,36,1
79024,173,42,37,1
79025,173,42,38,1
79026,173,42,39,1
79027,173,42,40,1
79028,173,41,133,0
79029,173,41,134,0
79030,173,41,135,0
79031,173,41,136,0
79032,173,41,137,0
79033,173,41,138,159
79034,173,41,139,10
79035,173,41,140,117
79036,173,41,141,117
79037,173,41,142,117
79038,173,41,143,117
79039,173,41,144,117
79040,173,41,145,117
79041,173,41,146,117
79042,173,41,147,117
79043,173,41,148,117
79044,173,41,149,117
79045,173,41,150,123
79046,173,41,151,1
79047,173,41,152,1
79048,173,41,153,1
79049,173,41,154,1
79050,173,41,155,1
79051,173,41,156,1
79052,173,43,1,0
79053,173,43,2,0
79054,173,43,3,0
79055,173,43,4,1
79056,173,43,5,1
79057,173,43,6,1
79058,173,43,7,1
79059,173,43,8,1
79060,173,43,9,1
79061,173,43,10,1
79062,173,43,11,1
79063,173,43,12,1
79064,173,43,13,1
79065,173,43,14,1
79066,173,43,15,1
79067,173,43,16,1
79068,173,43,17,1
79069,173,43,18,1
79070,173,43,19,1
79071,173,44,1,0
79072,173,44,2,0
79073,173,44,3,1
79074,173,44,4,2
79075,173,44,5,2
79076,173,44,6,2
79077,173,44,7,2
79078,173,44,8,2
79079,173,44,9,2
79080,173,44,10,2
79081,173,44,11,2
79082,173,44,12,2
79083,173,44,13,2
79084,173,44,14,2
79085,173,44,15,2
79086,173,44,16,2
79087,173,44,17,2
79088,173,44,18,2
79089,173,44,19,2
79090,173,44,20,2
79091,173,44,21,2
79092,173,44,22,2
79093,173,44,23,2
79094,173,44,24,2
79095,173,44,25,2
79096,173,44,26,2
79097,173,44,27,2
79098,173,44,28,3
79099,173,44,29,3
79100,173,44,30,3
79101,173,44,31,3
79102,173,44,32,3
79103,173,44,33,3
79104,173,44,34,3
79105,173,44,35,3
79106,173,44,36,3
79107,173,44,37,3
79108,173,44,38,3
79109,173,44,39,0
79110,173,45,1,0
79111,173,45,2,0
79112,173,45,3,0
79113,173,45,4,0
79114,173,45,5,0
79115,173,45,6,0
79116,173,45,7,0
79117,173,45,8,0
79118,173,45,9,0
79119,173,45,10,0
79120,173,45,11,162
79121,173,45,12,33
79122,173,45,13,33
79123,173,45,14,33
79124,173,45,15,33
79125,173,45,16,34
79126,173,45,17,34
79127,173,45,18,12
79128,173,45,19,2
79129,173,45,20,2
79130,173,45,21,2
79131,173,45,22,166
79132,173,45,23,166
79133,173,45,24,166
79134,173,45,25,166
79135,173,44,40,4
79136,173,44,41,4
79137,173,44,42,4
79138,173,44,43,4
79139,173,44,44,4
79140,173,44,45,4
79141,173,44,46,4
79142,173,44,47,4
79143,173,44,48,4
79144,173,44,49,4
79145,173,44,50,4
79146,173,44,51,4
79147,173,44,52,4
79148,173,44,53,4
79149,173,44,54,4
79150,173,44,55,4
79151,173,44,56,4
79152,173,44,57,4
79153,173,44,58,4
79154,173,45,26,0
79155,173,45,27,123
79156,173,45,28,123
79157,173,45,29,125
79158,173,45,30,126
79159,173,45,31,127
79160,173,45,32,128
79161,173,45,33,130
79162,173,45,34,0
79163,173,45,35,0
79164,173,45,36,0
79165,173,45,37,0
79166,173,45,38,0
79167,173,45,39,1
79168,173,45,40,119
79169,173,45,41,108
79170,173,45,42,169
79171,173,45,43,1
79172,173,45,44,1
79173,173,45,45,1
79174,173,45,46,1
79175,173,45,47,1
79176,173,45,48,1
79177,173,45,49,1
79178,173,45,50,1
79179,173,45,51,1
79180,173,46,1,0
79181,173,46,2,0
79182,173,46,3,0
79183,173,46,4,0
79184,173,46,5,1
79185,173,46,6,0
79186,173,46,7,1
79187,173,46,8,1
79188,173,46,9,1
79189,173,46,10,1
79190,173,46,11,1
79191,173,47,1,0
79192,173,47,2,0
79193,173,47,3,0
79194,173,47,4,1
79195,173,47,5,1
79196,173,47,6,2
79197,173,47,7,2
79198,173,45,52,0
79199,173,45,53,0
79200,173,45,54,0
79201,173,45,55,0
79202,173,45,56,0
79203,173,45,57,0
79204,173,45,58,0
79205,173,45,59,25
79206,173,45,60,25
79207,173,45,61,8
79208,173,45,62,9
79209,173,45,63,4
79210,173,45,64,174
79211,173,45,65,174
79212,173,45,66,102
79213,173,45,67,102
79214,173,45,68,102
79215,173,45,69,102
79216,173,45,70,102
79217,173,45,71,102
79218,173,45,72,102
79219,173,45,73,102
79220,173,45,74,102
79221,173,45,75,102
79222,173,45,76,102
79223,173,45,77,102
79224,173,45,78,102
79225,173,45,79,102
79226,173,45,80,102
79227,173,45,81,102
79228,173,45,82,102
79229,173,45,83,102
79230,173,45,84,102
79231,173,45,85,102
79232,173,45,86,102
79233,173,45,87,102
79234,173,45,88,102
79235,173,45,89,102
79236,173,45,90,102
79237,173,45,91,102
79238,173,45,92,102
79239,173,45,93,102
79240,173,45,94,102
79241,173,45,95,102
79242,173,45,96,102
79243,173,45,97,102
79244,173,45,98,102
79245,173,45,99,102
79246,173,45,100,102
79247,173,45,101,102
79248,173,45,102,102
79249,173,45,103,102
79250,173,45,104,102
79251,173,45,105,102
79252,173,45,106,102
79253,173,45,107,102
79254,173,45,108,102
79255,173,45,109,102
79256,173,45,110,102
79257,173,45,111,102
79258,173,45,112,102
79259,173,45,113,102
79260,173,45,114,102
79261,173,45,115,102
79262,173,45,116,102
79263,173,45,117,102
79264,173,45,118,102
79265,173,45,119,102
79266,173,45,120,102
79267,173,45,121,102
79268,173,45,122,102
79269,173,45,123,102
79270,173,45,124,102
79271,173,45,125,102
79272,173,45,126,102
79273,173,45,127,102
79274,173,45,128,102
79275,173,45,129,102
79276,173,45,130,102
79277,173,45,131,102
79278,173,45,132,102
79279,173,45,133,103
79280,173,45,134,103
79281,173,45,135,103
79282,173,45,136,104
79283,173,45,137,105
79284,173,45,138,106
79285,173,45,139,172
79286,173,45,140,173
79287,173,45,141,173
79288,173,45,142,173
79289,173,45,143,161
79290,173,45,144,167
79291,173,45,145,167
79292,173,45,146,0
79293,173,45,147,171
79294,173,45,148,171
79295,173,45,149,171
79296,173,45,150,171
79297,173,45,151,171
79298,173,45,152,171
79299,173,45,153,171
79300,173,45,154,171
79301,173,45,155,171
79302,173,45,156,171
79303,173,45,157,171
79304,173,45,158,171
79305,173,45,159,171
79306,173,45,160,171
79307,173,45,161,171
79308,173,45,162,171
79309,173,45,163,0
79310,173,45,164,0
79311,173,45,165,0
79312,173,45,166,0
79313,173,45,167,0
79314,173,45,168,0
79315,173,45,169,107
79316,173,45,170,170
79317,173,45,171,170
79318,173,45,172,170
79319,173,45,173,170
79320,173,45,174,170
79321,173,45,175,0
79322,173,48,1,0
79323,173,48,2,0
79324,173,48,3,0
79325,173,48,4,0
79326,173,48,5,0
79327,173,48,6,0
79328,173,48,7,0
79329,173,48,8,0
79330,173,48,9,0
79331,173,48,10,0
79332,173,48,11,0
79333,173,48,12,0
79334,173,48,13,0
79335,173,48,14,0
79336,173,48,15,0
79337,173,48,16,0
79338,173,48,17,0
79339,173,48,18,0
79340,173,48,19,0
79341,173,48,20,0
79342,173,48,21,0
79343,173,48,22,0
79344,173,48,23,0
79345,173,48,24,2
79346,173,48,25,0
79347,173,48,26,1
79348,173,48,27,1
79349,173,48,28,1
79350,173,48,29,103
79351,173,48,30,103
79352,173,48,31,103
79353,173,48,32,103
79354,173,48,33,103
79355,173,48,34,103
79356,173,48,35,103
79357,173,48,36,103
79358,173,48,37,103
79359,173,48,38,103
79360,173,48,39,104
79361,173,48,40,104
79362,173,48,41,104
79363,173,48,42,104
79364,173,48,43,104
79365,173,48,44,104
79366,173,48,45,104
79367,173,48,46,104
79368,173,48,47,104
79369,173,48,48,100
79370,173,48,49,101
79371,173,48,50,17
79372,173,48,51,19
79373,173,48,52,109
79374,173,48,53,19
79375,173,48,54,19
79376,173,48,55,19
79377,173,48,56,19
79378,173,48,57,19
79379,173,48,58,20
79380,173,48,59,20
79381,173,48,60,20
79382,173,48,61,20
79383,173,48,62,20
79384,173,48,63,21
79385,173,48,64,21
79386,173,48,65,21
79387,173,48,66,21
79388,173,49,1,0
79389,173,49,2,0
79390,173,48,67,0
79391,173,48,68,13
79392,173,48,69,13
79393,173,48,70,24
79394,173,48,71,24
79395,173,48,72,12
79396,173,48,73,12
79397,173,48,74,8
79398,173,48,75,8
79399,173,48,76,0
79400,173,50,1,0
79401,173,50,2,0
79402,173,50,3,0
79403,173,50,4,0
79404,173,50,5,0
79405,173,50,6,0
79406,173,50,7,0
79407,173,50,8,0
79408,173,50,9,0
79409,173,50,10,0
79410,173,50,11,0
79411,173,50,12,0
79412,173,50,13,0
79413,173,50,14,0
79414,173,50,15,0
79415,173,50,16,0
79416,173,50,17,0
79417,173,50,18,0
79418,173,50,19,0
79419,173,50,20,0
79420,173,50,21,0
79421,173,50,22,0
79422,173,50,23,0
79423,173,50,24,0
79424,173,50,25,0
79425,173,50,26,0
79426,173,50,27,0
79427,173,50,28,0
79428,173,50,29,0
79429,173,50,30,0
79430,173,50,31,0
79431,173,50,32,0
79432,173,50,33,0
79433,173,50,34,0
79434,173,50,35,0
79435,173,50,36,0
79436,173,50,37,1
79437,173,50,38,59
79438,173,50,39,59
79439,173,50,40,59
79440,173,50,41,59
79441,173,50,42,59
79442,173,50,43,59
79443,173,50,44,6
79444,173,50,45,9
79445,173,50,46,99
79446,173,50,47,99
79447,173,50,48,100
79448,173,50,49,101
79449,173,50,50,136
79450,173,50,51,136
79451,173,50,52,0
79452,173,50,53,0
79453,173,50,54,12
79454,173,50,55,87
79455,173,50,56,87
79456,173,50,57,88
79457,173,50,58,88
79458,173,50,59,18
79459,173,50,60,18
79460,173,50,61,19
79461,173,50,62,84
79462,173,50,63,84
79463,173,50,64,84
79464,173,50,65,84
79465,173,50,66,90
79466,173,50,67,90
79467,173,50,68,94
79468,173,50,69,94
79469,173,50,70,95
79470,173,50,71,97
79471,173,50,72,7
79472,173,50,73,7
79473,173,50,74,7
79474,173,50,75,7
79475,173,50,76,7
79476,173,50,77,7
79477,173,50,78,8
79478,173,50,79,10
79479,173,50,80,11
79480,173,50,81,13
79481,173,50,82,13
79482,173,51,1,0
79483,173,51,2,1
79484,173,51,3,1
79485,173,51,4,1
79486,173,51,5,1
79487,173,50,83,0
79488,173,50,84,0
79489,173,50,85,0
79490,173,50,86,0
79491,173,50,87,0
79492,173,50,88,0
79493,173,50,89,0
79494,173,50,90,0
79495,173,50,91,0
79496,173,50,92,0
79497,173,50,93,0
79498,173,50,94,0
79499,173,50,95,0
79500,173,50,96,0
79501,173,50,97,0
79502,173,50,98,0
79503,173,50,99,0
79504,173,50,100,0
79505,173,50,101,0
79506,173,50,102,0
79507,173,50,103,0
79508,173,50,104,0
79509,173,50,105,0
79510,173,50,106,0
79511,173,50,107,0
79512,173,50,108,0
79513,173,50,109,0
79514,173,50,110,0
79515,173,50,111,0
79516,173,50,112,0
79517,173,50,113,0
79518,173,50,114,0
79519,173,50,115,0
79520,173,50,116,0
79521,173,50,117,0
79522,173,50,118,0
79523,173,50,119,0
79524,173,50,120,0
79525,173,50,121,0
79526,173,50,122,0
79527,173,50,123,0
79528,173,50,124,0
79529,173,50,125,0
79530,173,50,126,0
79531,173,50,127,138
79532,173,50,128,135
79533,173,50,129,16
79534,173,50,130,16
79535,173,50,131,91
79536,173,50,132,91
79537,173,50,133,91
79538,173,50,134,91
79539,173,50,135,2
79540,173,50,136,15
79541,173,50,137,102
79542,173,50,138,102
79543,173,50,139,131
79544,173,50,140,131
79545,173,50,141,103
79546,173,50,142,103
79547,173,50,143,104
79548,173,50,144,105
79549,173,50,145,105
79550,173,50,146,106
79551,173,50,147,107
79552,173,50,148,107
79553,173,50,149,108
79554,173,50,150,109
79555,173,50,151,109
79556,173,50,152,110
79557,173,50,153,111
79558,173,50,154,112
79559,173,50,155,113
79560,173,50,156,114
79561,173,50,157,115
79562,173,50,158,116
79563,173,50,159,0
79564,173,52,1,0
79565,173,52,2,0
79566,173,52,3,0
79567,173,52,4,0
79568,173,52,5,0
79569,173,52,6,0
79570,173,52,7,0
79571,173,52,8,0
79572,173,52,9,0
79573,173,52,10,0
79574,173,52,11,0
79575,173,52,12,0
79576,173,52,13,0
79577,173,52,14,0
79578,173,52,15,0
79579,173,52,16,0
79580,173,52,17,0
79581,173,52,18,0
79582,173,52,19,0
79583,173,52,20,0
79584,173,52,21,0
79585,173,52,22,0
79586,173,52,23,0
79587,173,52,24,0
79588,173,52,25,0
79589,173,52,26,0
79590,173,52,27,0
79591,173,52,28,0
79592,173,52,29,0
79593,173,52,30,0
79594,173,52,31,0
79595,173,52,32,0
79596,173,52,33,0
79597,173,52,34,0
79598,173,52,35,0
79599,173,52,36,0
79600,173,52,37,0
79601,173,52,38,0
79602,173,52,39,1
79603,173,52,40,15
79604,173,52,41,15
79605,173,52,42,15
79606,173,52,43,0
79607,173,52,44,0
79608,173,52,45,0
79609,173,52,46,0
79610,173,52,47,0
79611,173,52,48,0
79612,173,52,49,0
79613,173,52,50,0
79614,173,52,51,0
79615,173,52,52,0
79616,173,52,53,0
79617,173,52,54,0
79618,173,52,55,0
79619,173,52,56,0
79620,173,52,57,0
79621,173,52,58,0
79622,173,52,59,0
79623,173,52,60,0
79624,173,52,61,0
79625,173,52,62,0
79626,173,52,63,89
79627,173,52,64,89
79628,173,52,65,89
79629,173,52,66,89
79630,173,52,67,89
79631,173,52,68,89
79632,173,52,69,89
79633,173,52,70,109
79634,173,52,71,109
79635,173,52,72,109
79636,173,52,73,0
79637,173,52,74,0
79638,173,52,75,11
79639,173,52,76,11
79640,173,52,77,12
79641,173,52,78,12
79642,173,52,79,12
79643,173,52,80,12
79644,173,52,81,12
79645,173,52,82,12
79646,173,52,83,0
79647,173,52,84,0
79648,173,52,85,0
79649,173,52,86,0
79650,173,52,87,0
79651,173,52,88,0
79652,173,52,89,0
79653,173,52,90,0
79654,173,52,91,0
79655,173,52,92,0
79656,173,52,93,0
79657,173,52,94,0
79658,173,52,95,0
79659,173,52,96,0
79660,173,52,97,0
79661,173,52,98,0
79662,173,52,99,0
79663,173,52,100,0
79664,173,52,101,0
79665,173,52,102,0
79666,173,52,103,0
79667,173,52,104,0
79668,173,52,105,0
79669,173,52,106,0
79670,173,52,107,0
79671,173,52,108,0
79672,173,52,109,0
79673,173,52,110,0
79674,173,52,111,0
79675,173,52,112,0
79676,173,52,113,0
79677,173,52,114,0
79678,173,52,115,0
79679,173,52,116,0
79680,173,52,117,0
79681,173,52,118,0
79682,173,52,119,0
79683,173,52,120,0
79684,173,52,121,0
79685,173,52,122,0
79686,173,52,123,0
79687,173,52,124,0
79688,173,52,125,111
79689,173,52,126,0
79690,173,53,1,0
79691,173,53,2,0
79692,173,53,3,0
79693,173,53,4,0
79694,173,53,5,0
79695,173,53,6,0
79696,173,53,7,0
79697,173,53,8,0
79698,173,53,9,0
79699,173,53,10,0
79700,173,53,11,0
79701,173,53,12,0
79702,173,53,13,0
79703,173,53,14,0
79704,173,53,15,0
79705,173,53,16,0
79706,173,53,17,0
79707,173,53,18,0
79708,173,53,19,0
79709,173,53,20,0
79710,173,53,21,0
79711,173,53,22,0
79712,173,53,23,0
79713,173,53,24,0
79714,173,53,25,0
79715,173,53,26,0
79716,173,53,27,0
79717,173,53,28,0
79718,173,53,29,0
79719,173,53,30,0
79720,173,53,31,0
79721,173,53,32,0
79722,173,53,33,0
79723,173,53,34,0
79724,173,53,35,0
79725,173,53,36,0
79726,173,53,37,126
79727,173,53,38,5
79728,173,53,39,5
79729,173,53,40,5
79730,173,53,41,6
79731,173,53,42,6
79732,173,53,43,6
79733,173,53,44,6
79734,173,53,45,7
79735,173,53,46,8
79736,173,53,47,9
79737,173,53,48,9
79738,173,53,49,10
79739,173,53,50,10
79740,173,53,51,11
79741,173,53,52,11
79742,173,53,53,11
79743,173,53,54,12
79744,173,53,55,12
79745,173,54,1,0
79746,173,54,2,0
79747,173,54,3,1
79748,173,54,4,1
79749,173,54,5,1
79750,173,54,6,1
79751,173,54,7,1
79752,173,54,8,1
79753,173,53,56,103
79754,173,53,57,104
79755,173,53,58,127
79756,173,53,59,0
79757,173,53,60,1
79758,173,53,61,0
79759,173,53,62,0
79760,173,53,63,0
79761,173,53,64,0
79762,173,53,65,0
79763,173,53,66,0
79764,173,53,67,0
79765,173,53,68,0
79766,173,53,69,0
79767,173,53,70,0
79768,173,53,71,0
79769,173,53,72,0
79770,173,53,73,0
79771,173,53,74,0
79772,173,53,75,0
79773,173,53,76,0
79774,173,53,77,0
79775,173,53,78,102
79776,173,53,79,102
79777,173,53,80,102
79778,173,53,81,102
79779,173,53,82,102
79780,173,53,83,102
79781,173,53,84,94
79782,173,53,85,94
79783,173,53,86,93
79784,173,53,87,93
79785,173,53,88,105
79786,173,55,1,0
79787,173,55,2,0
79788,173,55,3,0
79789,173,55,4,0
79790,173,55,5,0
79791,173,55,6,0
79792,173,55,7,0
79793,173,55,8,0
79794,173,55,9,0
79795,173,55,10,0
79796,173,55,11,0
79797,173,55,12,0
79798,173,55,13,0
79799,173,55,14,0
79800,173,55,15,0
79801,173,55,16,0
79802,173,55,17,0
79803,173,55,18,0
79804,173,55,19,0
79805,173,55,20,0
79806,173,55,21,0
79807,173,55,22,0
79808,173,55,23,0
79809,173,55,24,0
79810,173,55,25,0
79811,173,55,26,0
79812,173,55,27,0
79813,173,55,28,0
79814,173,55,29,0
79815,173,55,30,0
79816,173,55,31,0
79817,173,55,32,0
79818,173,55,33,0
79819,173,55,34,0
79820,173,55,35,0
79821,173,55,36,0
79822,173,55,37,0
79823,173,55,38,0
79824,173,55,39,0
79825,173,55,40,0
79826,173,55,41,0
79827,173,55,42,0
79828,173,55,43,0
79829,173,55,44,0
79830,173,55,45,0
79831,173,55,46,0
79832,173,55,47,0
79833,173,55,48,0
79834,173,55,49,0
79835,173,55,50,1
79836,173,55,51,1
79837,173,55,52,1
79838,173,55,53,1
79839,173,55,54,1
79840,173,55,55,1
79841,173,55,56,1
79842,173,55,57,1
79843,173,55,58,1
79844,173,55,59,1
79845,173,55,60,1
79846,173,55,61,1
79847,173,55,62,1
79848,173,55,63,1
79849,173,55,64,1
79850,173,55,65,1
79851,173,55,66,1
79852,173,55,67,1
79853,173,55,68,1
79854,173,55,69,1
79855,173,55,70,1
79856,173,55,71,1
79857,173,55,72,1
79858,173,55,73,1
79859,173,55,74,1
79860,173,55,75,1
79861,173,55,76,1
79862,173,55,77,1
79863,173,55,78,1
79864,173,55,79,1
79865,173,55,80,1
79866,173,55,81,1
79867,173,55,82,1
79868,173,55,83,1
79869,173,56,1,0
79870,173,57,1,0
81248,173,73,1,0
79872,173,55,84,1
79873,173,55,85,1
79874,173,55,86,1
79875,173,55,87,1
79876,173,55,88,1
79877,173,55,89,1
79878,173,55,90,1
79879,173,55,91,1
79880,173,55,92,1
79881,173,55,93,1
79882,173,55,94,1
79883,173,55,95,1
79884,173,55,96,1
79885,173,55,97,1
79886,173,55,98,1
79887,173,55,99,1
79888,173,55,100,1
79889,173,55,101,1
79890,173,55,102,1
79891,173,55,103,1
79892,173,55,104,1
79893,173,55,105,1
79894,173,55,106,1
79895,173,55,107,1
79896,173,55,108,1
79897,173,55,109,1
79898,173,55,110,1
79899,173,55,111,1
79900,173,55,112,1
79901,173,55,113,1
79902,173,55,114,1
79903,173,55,115,1
79904,173,55,116,1
79905,173,55,117,1
79906,173,55,118,1
79907,173,55,119,1
79908,173,55,120,1
79909,173,55,121,1
79910,173,55,122,1
79911,173,55,123,1
79912,173,55,124,1
79913,173,55,125,1
79914,173,55,126,1
79915,173,55,127,1
79916,173,55,128,1
79917,173,55,129,1
79918,173,55,130,1
79919,173,55,131,1
79920,173,55,132,1
79921,173,55,133,1
79922,173,55,134,1
79923,173,55,135,1
79924,173,55,136,1
79925,173,55,137,1
79926,173,55,138,1
79927,173,55,139,1
79928,173,55,140,1
79929,173,55,141,1
79930,173,55,142,1
79931,173,55,143,1
79932,173,55,144,1
79933,173,55,145,1
79934,173,55,146,1
79935,173,55,147,1
79936,173,55,148,1
79937,173,55,149,1
79938,173,55,150,1
79939,173,55,151,1
79940,173,55,152,1
79941,173,55,153,1
79942,173,55,154,1
79943,173,55,155,1
79944,173,55,156,1
79945,173,55,157,1
79946,173,55,158,1
79947,173,55,159,1
79948,173,55,160,1
79949,173,55,161,1
79950,173,55,162,1
79951,173,55,163,1
79952,173,55,164,1
79953,173,55,165,1
79954,173,55,166,1
79955,173,55,167,1
79956,173,55,168,1
79957,173,55,169,1
79958,173,55,170,1
79959,173,55,171,1
79960,173,55,172,1
79961,173,55,173,1
79962,173,55,174,1
79963,173,55,175,1
79964,173,55,176,1
79965,173,55,177,1
79966,173,55,178,1
79967,173,55,179,1
79968,173,55,180,1
79969,173,55,181,1
79970,173,55,182,1
79971,173,55,183,1
79972,173,55,184,1
79973,173,55,185,1
79974,173,55,186,1
79975,173,55,187,1
79976,173,55,188,1
79977,173,55,189,1
79978,173,55,190,1
79979,173,55,191,1
79980,173,55,192,1
79981,173,55,193,1
79982,173,55,194,1
79983,173,55,195,1
79984,173,55,196,1
79985,173,55,197,1
79986,173,55,198,1
79987,173,55,199,1
79988,173,55,200,1
79989,173,55,201,1
79990,173,55,202,1
79991,173,55,203,1
79992,173,55,204,1
79993,173,55,205,1
79994,173,55,206,1
79995,173,55,207,1
79996,173,55,208,1
79997,173,55,209,1
79998,173,55,210,1
79999,173,55,211,1
80000,173,55,212,1
80001,173,55,213,1
80002,173,55,214,1
80003,173,55,215,1
80004,173,55,216,1
80005,173,55,217,1
80006,173,55,218,1
80007,173,55,219,1
80008,173,55,220,1
80009,173,55,221,1
80010,173,55,222,1
80011,173,55,223,1
80012,173,55,224,1
80013,173,55,225,1
80014,173,55,226,1
80015,173,55,227,1
80016,173,55,228,1
80017,173,55,229,1
80018,173,55,230,1
80019,173,55,231,1
80020,173,55,232,1
80021,173,55,233,1
80022,173,55,234,1
80023,173,55,235,1
80024,173,55,236,1
80025,173,55,237,1
80026,173,55,238,1
80027,173,55,239,1
80028,173,55,240,1
80029,173,55,241,1
80030,173,55,242,1
80031,173,55,243,1
80032,173,55,244,1
80033,173,55,245,1
80034,173,55,246,1
80035,173,55,247,1
80036,173,55,248,1
80037,173,55,249,1
80038,173,55,250,1
80039,173,55,251,1
80040,173,55,252,1
80041,173,55,253,1
80042,173,55,254,1
80043,173,55,255,1
80044,173,55,256,1
80045,173,55,257,1
80046,173,55,258,1
80047,173,55,259,1
80048,173,55,260,1
80049,173,55,261,1
80050,173,55,262,1
80051,173,55,263,1
80052,173,55,264,1
80053,173,55,265,1
80054,173,55,266,1
80055,173,55,267,1
80056,173,55,268,1
80057,173,55,269,1
80058,173,55,270,1
80059,173,55,271,1
80060,173,55,272,1
80061,173,55,273,1
80062,173,55,274,1
80063,173,55,275,1
80064,173,55,276,1
80065,173,55,277,1
80066,173,55,278,1
80067,173,55,279,1
80068,173,55,280,1
80069,173,55,281,1
80070,173,55,282,1
80071,173,55,283,1
80072,173,55,284,1
80073,173,55,285,1
80074,173,55,286,1
80075,173,55,287,1
80076,173,55,288,1
80077,173,55,289,1
80078,173,55,290,1
80079,173,55,291,1
80080,173,55,292,1
80081,173,55,293,1
80082,173,55,294,1
80083,173,55,295,1
80084,173,55,296,1
80085,173,55,297,1
80086,173,55,298,1
80087,173,55,299,1
80088,173,55,300,1
80089,173,55,301,1
80090,173,55,302,1
80091,173,55,303,1
80092,173,55,304,1
80093,173,55,305,1
80094,173,55,306,1
80095,173,55,307,1
80096,173,55,308,1
80097,173,55,309,1
80098,173,55,310,1
80099,173,55,311,1
80100,173,55,312,1
80101,173,55,313,1
80102,173,55,314,1
80103,173,55,315,1
80104,173,55,316,1
80105,173,55,317,1
80106,173,55,318,1
80107,173,55,319,1
80108,173,55,320,1
80109,173,55,321,1
80110,173,55,322,1
80111,173,55,323,1
80112,173,55,324,1
80113,173,55,325,1
80114,173,55,326,1
80115,173,55,327,1
80116,173,55,328,1
80117,173,55,329,1
80118,173,55,330,1
80119,173,55,331,1
80120,173,55,332,1
80121,173,55,333,1
80122,173,55,334,1
80123,173,55,335,1
80124,173,55,336,1
80125,173,55,337,1
80126,173,55,338,1
80127,173,55,339,1
80128,173,55,340,1
80129,173,55,341,1
80130,173,55,342,1
80131,173,55,343,1
80132,173,55,344,1
80133,173,55,345,1
80134,173,55,346,1
80135,173,55,347,1
80136,173,55,348,1
80137,173,55,349,1
80138,173,55,350,1
80139,173,55,351,1
80140,173,55,352,1
80141,173,55,353,1
80142,173,55,354,1
80143,173,55,355,1
80144,173,55,356,1
80145,173,55,357,1
80146,173,55,358,1
80147,173,55,359,1
80148,173,55,360,1
80149,173,55,361,1
80150,173,55,362,1
80151,173,55,363,1
80152,173,55,364,1
80153,173,55,365,1
80154,173,55,366,1
80155,173,55,367,1
80156,173,55,368,1
80157,173,55,369,1
80158,173,55,370,1
80159,173,55,371,1
80160,173,55,372,1
80161,173,55,373,1
80162,173,55,374,1
80163,173,55,375,1
80164,173,55,376,1
80165,173,55,377,1
80166,173,55,378,1
80167,173,55,379,1
80168,173,55,380,1
80169,173,55,381,1
80170,173,55,382,1
80171,173,55,383,1
80172,173,55,384,1
80173,173,55,385,1
80174,173,55,386,1
80175,173,55,387,1
80176,173,55,388,1
80177,173,55,389,1
80178,173,55,390,1
80179,173,55,391,1
80180,173,55,392,1
80181,173,55,393,1
80182,173,55,394,1
80183,173,55,395,1
80184,173,55,396,1
80185,173,55,397,1
80186,173,55,398,1
80187,173,55,399,1
80188,173,55,400,1
80189,173,55,401,1
80190,173,55,402,1
80191,173,55,403,1
80192,173,55,404,1
80193,173,55,405,1
80194,173,55,406,1
80195,173,55,407,1
80196,173,55,408,1
80197,173,55,409,1
80198,173,55,410,1
80199,173,55,411,1
80200,173,55,412,1
80201,173,55,413,1
80202,173,55,414,1
80203,173,55,415,1
80204,173,55,416,1
80205,173,55,417,1
80206,173,55,418,1
80207,173,55,419,1
80208,173,55,420,1
80209,173,55,421,1
80210,173,55,422,1
80211,173,55,423,1
80212,173,55,424,1
80213,173,55,425,1
80214,173,55,426,1
80215,173,53,89,0
80216,173,53,90,0
80217,173,53,91,0
80218,173,53,92,0
80219,173,53,93,0
80220,173,53,94,0
80221,173,53,95,0
80222,173,53,96,0
80223,173,53,97,0
80224,173,53,98,0
80225,173,53,99,129
80226,173,53,100,130
80227,173,53,101,0
80228,173,53,102,84
80229,173,53,103,84
80230,173,54,9,1
80231,173,54,10,1
80232,173,54,11,1
80233,173,54,12,1
80234,173,58,1,0
80235,173,58,2,0
80236,173,59,1,0
80237,173,59,2,0
80238,173,60,1,0
80239,173,61,1,0
80240,173,61,2,0
80241,173,53,104,0
80242,173,53,105,0
80243,173,53,106,0
80244,173,53,107,0
80245,173,53,108,98
80246,173,53,109,98
80247,173,53,110,98
80248,173,53,111,98
80249,173,53,112,98
80250,173,53,113,98
80251,173,53,114,95
80252,173,53,115,95
80253,173,53,116,95
80254,173,53,117,95
80255,173,53,118,136
80256,173,62,1,0
80257,173,62,2,0
80258,173,53,119,133
80259,173,53,120,133
80260,173,53,121,133
80261,173,53,122,133
80262,173,53,123,134
80263,173,53,124,134
80264,173,53,125,134
80265,173,53,126,134
80266,173,53,127,134
80267,173,53,128,134
80268,173,53,129,134
80269,173,53,130,135
80270,173,53,131,135
80271,173,53,132,135
80272,173,53,133,135
80273,173,53,134,135
80274,173,53,135,135
80275,173,53,136,135
80276,173,53,137,135
80277,173,53,138,135
80278,173,53,139,135
80279,173,53,140,135
80280,173,53,141,135
80281,173,53,142,135
80282,173,53,143,135
80283,173,53,144,135
80284,173,53,145,135
80285,173,53,146,135
80286,173,53,147,135
80287,173,53,148,135
80288,173,53,149,135
80289,173,53,150,135
80290,173,53,151,135
80291,173,53,152,135
80292,173,53,153,135
80293,173,53,154,137
80294,173,53,155,137
80295,173,53,156,137
80296,173,53,157,137
80297,173,53,158,137
80298,173,53,159,137
80299,173,53,160,137
80300,173,53,161,137
80301,173,53,162,137
80302,173,53,163,137
80303,173,53,164,137
80304,173,53,165,137
80305,173,53,166,137
80306,173,53,167,137
80307,173,53,168,137
80308,173,53,169,137
80309,173,53,170,137
80310,173,53,171,0
80311,173,63,1,0
80312,173,63,2,0
80313,173,63,3,0
80314,173,63,4,0
80315,173,63,5,0
80316,173,63,6,0
80317,173,63,7,0
80318,173,63,8,0
80319,173,63,9,0
80320,173,63,10,0
80321,173,63,11,0
80322,173,63,12,0
80323,173,63,13,0
80324,173,63,14,0
80325,173,63,15,0
80326,173,63,16,0
80327,173,63,17,0
80328,173,63,18,0
80329,173,63,19,0
80330,173,63,20,0
80331,173,63,21,0
80332,173,63,22,0
80333,173,63,23,0
80334,173,63,24,0
80335,173,63,25,0
80336,173,63,26,0
80337,173,63,27,0
80338,173,63,28,12
80339,173,63,29,0
80340,173,63,30,2
80341,173,63,31,139
80342,173,63,32,139
80343,173,63,33,143
80344,173,63,34,143
80345,173,63,35,143
80346,173,63,36,16
80347,173,63,37,16
80348,173,63,38,21
80349,173,63,39,21
80350,173,63,40,23
80351,173,63,41,23
80352,173,63,42,23
80353,173,63,43,90
80354,173,63,44,90
80355,173,63,45,90
80356,173,63,46,104
80357,173,63,47,104
80358,173,63,48,104
80359,173,63,49,104
80360,173,63,50,104
80361,173,63,51,104
80362,173,63,52,104
80363,173,63,53,104
80364,173,63,54,104
80365,173,63,55,104
80366,173,63,56,144
80367,173,63,57,119
80368,173,63,58,119
80369,173,63,59,120
80370,173,63,60,121
80371,173,63,61,122
80372,173,63,62,0
80373,173,63,63,0
80374,173,63,64,0
80375,173,63,65,0
80376,173,63,66,0
80377,173,63,67,0
80378,173,63,68,0
80379,173,63,69,0
80380,173,63,70,0
80381,173,63,71,0
80382,173,63,72,0
80383,173,63,73,0
80384,173,63,74,0
80385,173,63,75,0
80386,173,63,76,0
80387,173,63,77,0
80388,173,63,78,0
80389,173,63,79,0
80390,173,63,80,0
80391,173,63,81,0
80392,173,63,82,0
80393,173,63,83,0
80394,173,63,84,148
80395,173,63,85,7
80396,173,63,86,1
80397,173,63,87,4
80398,173,63,88,5
80399,173,63,89,0
80400,173,63,90,0
80401,173,63,91,0
80402,173,63,92,0
80403,173,63,93,0
80404,173,63,94,0
80405,173,63,95,113
80406,173,63,96,147
80407,173,63,97,147
80408,173,63,98,147
80409,173,63,99,147
80410,173,63,100,147
80411,173,63,101,147
80412,173,63,102,147
80413,173,63,103,147
80414,173,63,104,147
80415,173,63,105,147
80416,173,63,106,147
80417,173,63,107,147
80418,173,63,108,103
80419,173,63,109,103
80420,173,63,110,103
80421,173,63,111,149
80422,173,63,112,149
80423,173,64,1,0
80424,173,60,2,0
80425,173,60,3,1
80426,173,60,4,1
80427,173,60,5,1
80428,173,60,6,1
80429,173,60,7,1
80430,173,60,8,1
80431,173,60,9,1
80432,173,60,10,1
80433,173,60,11,1
80434,173,60,12,1
80435,173,63,113,145
80436,173,63,114,94
80437,173,63,115,95
80438,173,63,116,96
80439,173,63,117,97
80440,173,63,118,98
80441,173,63,119,99
80442,173,63,120,100
80443,173,63,121,100
80444,173,63,122,100
80445,173,63,123,101
80446,173,63,124,101
80447,173,63,125,92
80448,173,63,126,125
80449,173,63,127,126
80450,173,63,128,126
80451,173,63,129,128
80452,173,63,130,129
80453,173,63,131,130
80454,173,63,132,131
80455,173,63,133,0
80456,173,63,134,0
80457,173,63,135,0
80458,173,63,136,0
80459,173,63,137,116
80460,173,63,138,116
80461,173,63,139,116
80462,173,63,140,116
80463,173,63,141,116
80464,173,63,142,116
80465,173,63,143,117
80466,173,63,144,117
80467,173,63,145,117
80468,173,63,146,110
80469,173,63,147,106
80470,173,63,148,106
80471,173,63,149,106
80472,173,63,150,106
80473,173,63,151,106
80474,173,63,152,106
80475,173,63,153,106
80476,173,63,154,106
80477,173,63,155,106
80478,173,63,156,106
80479,173,63,157,106
80480,173,63,158,106
80481,173,63,159,106
80482,173,63,160,106
80483,173,63,161,106
80484,173,63,162,114
80485,173,63,163,114
80486,173,63,164,114
80487,173,63,165,114
80488,173,63,166,114
80489,173,63,167,114
80490,173,63,168,115
80491,173,63,169,115
80492,173,63,170,103
80493,173,63,171,103
80494,173,63,172,103
80495,173,63,173,103
80496,173,63,174,103
80497,173,63,175,103
80498,173,63,176,103
80499,173,63,177,103
80500,173,63,178,103
80501,173,63,179,103
80502,173,63,180,103
80503,173,63,181,103
80504,173,63,182,103
80505,173,63,183,103
80506,173,63,184,103
80507,173,63,185,103
80508,173,63,186,103
80509,173,63,187,103
80510,173,63,188,103
80511,173,63,189,103
80512,173,63,190,103
80513,173,63,191,103
80514,173,63,192,0
80515,173,63,193,0
80516,173,63,194,0
80517,173,63,195,0
80518,173,63,196,0
80519,173,63,197,0
80520,173,63,198,0
80521,173,63,199,0
80522,173,63,200,0
80523,173,63,201,0
80524,173,63,202,0
80525,173,63,203,0
80526,173,63,204,0
80527,173,63,205,0
80528,173,63,206,0
80529,173,63,207,0
80530,173,63,208,0
80531,173,63,209,151
80532,173,63,210,152
80533,173,63,211,22
80534,173,63,212,22
80535,173,63,213,107
80536,173,63,214,107
80537,173,63,215,107
80538,173,63,216,107
80539,173,63,217,107
80540,173,63,218,107
80541,173,63,219,107
80542,173,63,220,107
80543,173,63,221,108
80544,173,63,222,108
80545,173,63,223,108
80546,173,63,224,109
80547,173,63,225,109
80548,173,63,226,109
80549,173,63,227,109
80550,173,63,228,109
80551,173,63,229,109
80552,173,63,230,111
80553,173,63,231,111
80554,173,63,232,15
80555,173,63,233,15
80556,173,63,234,15
80557,173,63,235,0
80558,173,65,1,0
80559,173,65,2,0
80560,173,65,3,0
80561,173,65,4,0
80562,173,65,5,0
80563,173,65,6,0
80564,173,65,7,0
80565,173,65,8,0
80566,173,65,9,0
80567,173,65,10,0
80568,173,65,11,0
80569,173,65,12,0
80570,173,65,13,0
80571,173,65,14,0
80572,173,65,15,0
80573,173,65,16,0
80574,173,65,17,0
80575,173,65,18,0
80576,173,65,19,0
80577,173,65,20,0
80578,173,65,21,0
80579,173,65,22,0
80580,173,65,23,0
80581,173,65,24,0
80582,173,65,25,0
80583,173,65,26,0
80584,173,65,27,0
80585,173,65,28,0
80586,173,65,29,0
80587,173,65,30,0
80588,173,65,31,25
80589,173,65,32,25
80590,173,65,33,25
80591,173,65,34,132
80592,173,65,35,132
80593,173,65,36,24
80594,173,65,37,24
80595,173,65,38,24
80596,173,65,39,20
80597,173,65,40,20
80598,173,65,41,20
80599,173,65,42,20
80600,173,65,43,20
80601,173,65,44,20
80602,173,65,45,20
80603,173,65,46,0
80604,173,65,47,0
80605,173,65,48,0
80606,173,65,49,0
80607,173,65,50,0
80608,173,65,51,0
80609,173,65,52,0
80610,173,65,53,0
80611,173,65,54,0
80612,173,65,55,0
80613,173,65,56,0
80614,173,65,57,0
80615,173,65,58,102
80616,173,65,59,102
80617,173,65,60,102
80618,173,65,61,102
80619,173,65,62,102
80620,173,65,63,102
80621,173,65,64,102
80622,173,65,65,103
80623,173,65,66,103
80624,173,65,67,103
80625,173,65,68,103
80626,173,65,69,112
80627,173,65,70,113
80628,173,65,71,114
80629,173,65,72,98
80630,173,65,73,98
80631,173,65,74,98
80632,173,65,75,98
80633,173,65,76,98
80634,173,65,77,98
80635,173,65,78,98
80636,173,65,79,98
80637,173,65,80,98
80638,173,65,81,98
80639,173,65,82,98
80640,173,65,83,112
80641,173,65,84,112
80642,173,65,85,112
80643,173,65,86,136
80644,173,65,87,136
80645,173,65,88,136
80646,173,65,89,136
80647,173,65,90,136
80648,173,65,91,0
80649,173,65,92,96
80650,173,65,93,96
80651,173,65,94,96
80652,173,65,95,96
80653,173,65,96,8
80654,173,66,1,0
80655,173,66,2,0
80656,173,65,97,0
80657,173,65,98,0
80658,173,65,99,0
80659,173,65,100,0
80660,173,65,101,0
80661,173,65,102,0
80662,173,65,103,0
80663,173,65,104,0
80664,173,65,105,0
80665,173,65,106,0
80666,173,65,107,0
80667,173,65,108,0
80668,173,65,109,0
80669,173,65,110,0
80670,173,65,111,0
80671,173,65,112,0
80672,173,65,113,0
80673,173,65,114,0
80674,173,65,115,0
80675,173,65,116,1
80676,173,65,117,1
80677,173,65,118,2
80678,173,65,119,15
80679,173,65,120,16
80680,173,65,121,17
80681,173,65,122,17
80682,173,65,123,18
80683,173,65,124,18
80684,173,65,125,18
80685,173,65,126,0
80686,173,65,127,19
80687,173,65,128,0
80688,173,65,129,0
80689,173,65,130,0
80690,173,65,131,18
80691,173,65,132,18
80692,173,65,133,18
80693,173,65,134,18
80694,173,65,135,22
80695,173,65,136,22
80696,173,65,137,21
80697,173,65,138,23
80698,173,65,139,23
80699,173,65,140,23
80700,173,65,141,71
80701,173,65,142,115
80702,173,65,143,116
80703,173,65,144,117
80704,173,65,145,136
80705,173,65,146,136
80706,173,65,147,136
80707,173,65,148,136
80708,173,65,149,136
80709,173,65,150,136
80710,173,65,151,136
80711,173,65,152,136
80712,173,65,153,136
80713,173,65,154,0
80714,173,65,155,0
80715,173,65,156,0
80716,173,65,157,0
80717,173,65,158,0
80718,173,65,159,68
80719,173,65,160,0
80720,173,65,161,0
80721,173,65,162,0
80722,173,65,163,0
80723,173,65,164,0
80724,173,65,165,138
80725,173,65,166,138
80726,173,65,167,138
80727,173,65,168,138
80728,173,65,169,138
80729,173,65,170,138
80730,173,65,171,138
80731,173,65,172,138
80732,173,65,173,138
80733,173,65,174,138
80734,173,65,175,138
80735,173,65,176,138
80736,173,65,177,138
80737,173,65,178,138
80738,173,65,179,138
80739,173,65,180,138
80740,173,65,181,138
80741,173,65,182,138
80742,173,65,183,138
80743,173,65,184,138
80744,173,65,185,138
80745,173,65,186,138
80746,173,65,187,138
80747,173,65,188,138
80748,173,65,189,138
80749,173,65,190,138
80750,173,65,191,138
80751,173,65,192,138
80752,173,65,193,138
80753,173,65,194,138
80754,173,65,195,138
80755,173,65,196,138
80756,173,65,197,138
80757,173,65,198,138
80758,173,65,199,138
80759,173,65,200,138
80760,173,65,201,138
80761,173,65,202,138
80762,173,65,203,138
80763,173,65,204,138
80764,173,65,205,138
80765,173,65,206,138
80766,173,65,207,138
80767,173,65,208,138
80768,173,65,209,138
80769,173,65,210,138
80770,173,65,211,138
80771,173,65,212,138
80772,173,65,213,138
80773,173,65,214,138
80774,173,65,215,138
80775,173,65,216,138
80776,173,65,217,138
80777,173,65,218,138
80778,173,65,219,138
80779,173,65,220,138
80780,173,65,221,138
80781,173,65,222,138
80782,173,65,223,138
80783,173,65,224,138
80784,173,65,225,138
80785,173,65,226,138
80786,173,65,227,138
80787,173,65,228,138
80788,173,65,229,138
80789,173,65,230,138
80790,173,65,231,138
80791,173,65,232,138
80792,173,65,233,138
80793,173,65,234,138
80794,173,65,235,138
80795,173,65,236,138
80796,173,65,237,138
80797,173,65,238,138
80798,173,65,239,138
80799,173,65,240,138
80800,173,65,241,138
80801,173,65,242,138
80802,173,65,243,138
80803,173,65,244,138
80804,173,65,245,138
80805,173,65,246,138
80806,173,65,247,138
80807,173,65,248,138
80808,173,65,249,138
80809,173,65,250,138
80810,173,65,251,138
80811,173,65,252,138
80812,173,65,253,138
80813,173,65,254,138
80814,173,65,255,138
80815,173,65,256,138
80816,173,65,257,138
80817,173,65,258,138
80818,173,65,259,138
80819,173,65,260,138
80820,173,65,261,138
80821,173,65,262,138
80822,173,65,263,138
80823,173,65,264,138
80824,173,65,265,138
80825,173,65,266,138
80826,173,65,267,138
80827,173,65,268,138
80828,173,65,269,138
80829,173,65,270,138
80830,173,65,271,138
80831,173,65,272,138
80832,173,65,273,138
80833,173,65,274,138
80834,173,65,275,138
80835,173,65,276,138
80836,173,65,277,138
80837,173,65,278,138
80838,173,65,279,138
80839,173,65,280,138
80840,173,65,281,138
80841,173,65,282,138
80842,173,65,283,138
80843,173,65,284,138
80844,173,65,285,138
80845,173,65,286,138
80846,173,65,287,138
80847,173,65,288,138
80848,173,65,289,138
80849,173,65,290,138
80850,173,65,291,138
80851,173,65,292,138
80852,173,65,293,138
80853,173,65,294,138
80854,173,65,295,138
80855,173,65,296,138
80856,173,65,297,138
80857,173,65,298,138
80858,173,65,299,138
80859,173,65,300,138
80860,173,65,301,138
80861,173,65,302,138
80862,173,65,303,138
80863,173,65,304,138
80864,173,65,305,138
80865,173,65,306,138
80866,173,65,307,138
80867,173,65,308,138
80868,173,65,309,138
80869,173,65,310,138
80870,173,65,311,138
80871,173,65,312,138
80872,173,65,313,138
80873,173,65,314,138
80874,173,65,315,138
80875,173,65,316,138
80876,173,65,317,138
80877,173,65,318,138
80878,173,65,319,138
80879,173,65,320,138
80880,173,65,321,138
80881,173,65,322,139
80882,173,65,323,101
80883,173,65,324,101
80884,173,65,325,101
80885,173,65,326,101
80886,173,65,327,101
80887,173,65,328,101
80888,173,65,329,99
80889,173,65,330,99
80890,173,65,331,99
80891,173,65,332,99
80892,173,65,333,99
80893,173,65,334,99
80894,173,65,335,99
80895,173,65,336,99
80896,173,65,337,99
80897,173,65,338,99
80898,173,65,339,104
80899,173,65,340,104
80900,173,65,341,105
80901,173,65,342,105
80902,173,65,343,105
80903,173,65,344,106
80904,173,65,345,106
80905,173,65,346,106
80906,173,67,1,0
80907,173,67,2,0
80908,173,67,3,0
80909,173,67,4,0
80910,173,67,5,1
80911,173,67,6,1
80912,173,67,7,1
80913,173,65,347,0
80914,173,65,348,0
80915,173,65,349,0
80916,173,65,350,0
80917,173,65,351,0
80918,173,65,352,0
80919,173,65,353,0
80920,173,65,354,0
80921,173,65,355,0
80922,173,65,356,0
80923,173,65,357,0
80924,173,65,358,0
80925,173,65,359,0
80926,173,65,360,0
80927,173,65,361,0
80928,173,65,362,0
80929,173,65,363,0
80930,173,65,364,0
80931,173,65,365,0
80932,173,65,366,0
80933,173,65,367,12
80934,173,65,368,12
80935,173,65,369,12
80936,173,65,370,143
80937,173,65,371,143
80938,173,65,372,144
80939,173,65,373,144
80940,173,65,374,119
80941,173,65,375,121
80942,173,65,376,122
80943,173,65,377,123
80944,173,65,378,124
80945,173,65,379,125
80946,173,65,380,126
80947,173,65,381,130
80948,173,65,382,131
80949,173,66,3,1
80950,173,66,4,1
80951,173,66,5,1
80952,173,66,6,1
80953,173,66,7,1
80954,173,66,8,1
80955,173,66,9,1
80956,173,66,10,1
80957,173,66,11,1
80958,173,66,12,1
80959,173,66,13,1
80960,173,68,1,0
80961,173,68,2,0
80962,173,68,3,1
80963,173,68,4,1
80964,173,68,5,1
80965,173,68,6,1
80966,173,68,7,1
80967,173,68,8,1
80968,173,68,9,1
80969,173,68,10,1
80970,173,65,383,136
80971,173,65,384,136
80972,173,65,385,0
80973,173,65,386,0
80974,173,65,387,0
80975,173,65,388,140
80976,173,65,389,140
80977,173,65,390,141
80978,173,65,391,145
80979,173,65,392,127
80980,173,65,393,142
80981,173,65,394,142
80982,173,65,395,0
80983,173,66,14,1
80984,173,66,15,1
80985,173,66,16,1
80986,173,66,17,1
80987,173,66,18,1
80988,173,66,19,1
80989,173,66,20,1
80990,173,66,21,1
80991,173,66,22,1
80992,173,66,23,1
80993,173,66,24,1
80994,173,66,25,1
80995,173,66,26,1
80996,173,66,27,1
80997,173,66,28,1
80998,173,66,29,1
80999,173,66,30,1
81000,173,69,1,0
81001,173,69,2,0
81002,173,69,3,1
81003,173,69,4,1
81004,173,69,5,2
81005,173,69,6,3
81006,173,69,7,4
81007,173,69,8,4
81008,173,70,1,0
81009,173,70,2,0
81010,173,70,3,0
81011,173,70,4,0
81012,173,70,5,0
81013,173,70,6,0
81014,173,70,7,0
81015,173,70,8,0
81016,173,70,9,0
81017,173,70,10,0
81018,173,70,11,0
81019,173,70,12,0
81020,173,70,13,0
81021,173,70,14,0
81022,173,70,15,0
81023,173,70,16,0
81024,173,70,17,0
81025,173,70,18,0
81026,173,70,19,0
81027,173,70,20,0
81028,173,70,21,0
81029,173,70,22,0
81030,173,70,23,0
81031,173,70,24,0
81032,173,70,25,0
81033,173,70,26,0
81034,173,70,27,0
81035,173,70,28,0
81036,173,70,29,0
81037,173,70,30,0
81038,173,70,31,0
81039,173,70,32,0
81040,173,70,33,0
81041,173,70,34,0
81042,173,70,35,0
81043,173,70,36,0
81044,173,70,37,0
81045,173,70,38,0
81046,173,70,39,0
81047,173,70,40,0
81048,173,70,41,0
81049,173,70,42,98
81050,173,70,43,0
81051,173,70,44,0
81052,173,70,45,100
81053,173,70,46,100
81054,173,70,47,100
81055,173,70,48,100
81056,173,70,49,100
81057,173,70,50,100
81058,173,70,51,100
81059,173,70,52,100
81060,173,70,53,100
81061,173,70,54,100
81062,173,70,55,100
81063,173,70,56,100
81064,173,70,57,100
81065,173,70,58,100
81066,173,70,59,100
81067,173,70,60,100
81068,173,70,61,100
81069,173,70,62,100
81070,173,70,63,100
81071,173,70,64,100
81072,173,70,65,100
81073,173,70,66,100
81074,173,70,67,100
81075,173,70,68,100
81076,173,70,69,100
81077,173,70,70,100
81078,173,70,71,100
81079,173,70,72,100
81080,173,70,73,100
81081,173,70,74,100
81082,173,70,75,100
81083,173,70,76,100
81084,173,70,77,100
81085,173,70,78,100
81086,173,70,79,100
81087,173,70,80,100
81088,173,70,81,100
81089,173,70,82,100
81090,173,70,83,100
81091,173,70,84,100
81092,173,70,85,103
81093,173,70,86,103
81094,173,70,87,103
81095,173,70,88,103
81096,173,70,89,103
81097,173,70,90,103
81098,173,70,91,103
81099,173,70,92,103
81100,173,70,93,103
81101,173,70,94,103
81102,173,70,95,103
81103,173,70,96,103
81104,173,70,97,103
81105,173,70,98,103
81106,173,70,99,103
81107,173,70,100,103
81108,173,70,101,103
81109,173,70,102,103
81110,173,70,103,98
81111,173,70,104,98
81112,173,70,105,98
81113,173,70,106,98
81114,173,70,107,98
81115,173,70,108,119
81116,173,70,109,119
81117,173,70,110,119
81118,173,70,111,119
81119,173,70,112,119
81120,173,70,113,119
81121,173,70,114,119
81122,173,70,115,119
81123,173,70,116,62
81124,173,70,117,62
81125,173,70,118,0
81126,173,70,119,62
81127,173,70,120,62
81128,173,70,121,62
81129,173,70,122,62
81130,173,70,123,62
81131,173,70,124,74
81132,173,70,125,74
81133,173,70,126,74
81134,173,70,127,74
81135,173,70,128,74
81136,173,70,129,0
81137,173,70,130,0
81138,173,70,131,0
81139,173,70,132,0
81140,173,70,133,0
81141,173,70,134,0
81142,173,70,135,0
81143,173,70,136,0
81144,173,70,137,0
81145,173,70,138,0
81146,173,70,139,0
81147,173,71,1,0
81148,173,71,2,0
81149,173,71,3,0
81150,173,71,4,1
81151,173,71,5,1
81152,173,71,6,1
81153,173,71,7,1
81154,173,71,8,1
81155,173,71,9,1
81156,173,71,10,1
81157,173,71,11,1
81158,173,71,12,1
81159,173,71,13,1
81160,173,71,14,1
81161,173,71,15,1
81162,173,71,16,1
81163,173,70,140,110
81164,173,70,141,99
81165,173,70,142,99
81166,173,70,143,99
81167,173,70,144,99
81168,173,70,145,105
81169,173,70,146,105
81170,173,70,147,105
81171,173,70,148,105
81172,173,70,149,105
81173,173,70,150,104
81174,173,70,151,104
81175,173,70,152,104
81176,173,70,153,104
81177,173,70,154,104
81178,173,70,155,104
81179,173,70,156,101
81180,173,70,157,101
81181,173,70,158,101
81182,173,70,159,102
81183,173,70,160,102
81184,173,70,161,102
81185,173,70,162,102
81186,173,70,163,106
81187,173,70,164,106
81188,173,70,165,106
81189,173,70,166,106
81190,173,70,167,106
81191,173,70,168,106
81192,173,70,169,106
81193,173,70,170,106
81194,173,70,171,106
81195,173,70,172,106
81196,173,70,173,106
81197,173,70,174,106
81198,173,70,175,106
81199,173,70,176,0
81200,173,71,17,2
81201,173,71,18,2
81202,173,71,19,2
81203,173,71,20,2
81204,173,71,21,2
81205,173,71,22,2
81206,173,71,23,2
81207,173,71,24,2
81208,173,71,25,2
81209,173,71,26,2
81210,173,71,27,2
81211,173,71,28,2
81212,173,72,1,0
81213,173,72,2,0
81214,173,72,3,0
81215,173,72,4,1
81216,173,72,5,1
81217,173,72,6,1
81218,173,72,7,1
81219,173,72,8,1
81220,173,72,9,1
81221,173,71,29,3
81222,173,71,30,3
81223,173,71,31,3
81224,173,71,32,3
81225,173,71,33,3
81226,173,71,34,3
81227,173,71,35,0
81228,173,71,36,0
81229,173,71,37,0
81230,173,71,38,3
81231,173,71,39,3
81232,173,71,40,3
81233,173,71,41,3
81234,173,71,42,3
81235,173,71,43,3
81236,173,71,44,3
81237,173,71,45,3
81238,173,71,46,3
81239,173,71,47,3
81240,173,71,48,3
81241,173,71,49,3
81242,173,71,50,3
81243,173,71,51,3
81244,173,71,52,3
81245,173,71,53,3
81246,173,71,54,3
81247,173,71,55,3
81249,173,73,2,0
81250,173,73,3,0
81251,173,73,4,1
81252,173,73,5,1
81253,173,73,6,2
81254,173,73,7,3
81255,173,73,8,4
81256,173,73,9,4
81257,173,73,10,4
81258,173,73,11,4
81259,173,73,12,5
81260,173,73,13,5
81261,173,73,14,6
81262,173,73,15,6
81263,173,73,16,7
81264,173,73,17,7
81265,173,73,18,8
81266,173,73,19,8
81267,173,73,20,8
81268,173,73,21,9
81269,173,73,22,9
81270,173,73,23,10
81271,173,73,24,10
81272,173,73,25,11
81273,173,73,26,11
81274,173,73,27,12
81275,173,73,28,12
81276,173,73,29,12
81277,173,74,1,0
81278,173,74,2,0
81279,173,74,3,0
81280,173,74,4,0
81281,173,74,5,0
81282,173,74,6,0
81283,173,74,7,0
81284,173,74,8,0
81285,173,74,9,0
81286,173,74,10,0
81287,173,74,11,0
81288,173,74,12,0
81289,173,74,13,0
81290,173,74,14,0
81291,173,74,15,0
81292,173,74,16,0
81293,173,74,17,0
81294,173,74,18,0
81295,173,74,19,0
81296,173,74,20,0
81297,173,74,21,0
81298,173,74,22,0
81299,173,74,23,0
81300,173,74,24,0
81301,173,74,25,0
81302,173,74,26,0
81303,173,74,27,0
81304,173,74,28,0
81305,173,74,29,0
81306,173,74,30,0
81307,173,74,31,0
81308,173,74,32,0
81309,173,74,33,0
81310,173,74,34,0
81311,173,74,35,0
81312,173,74,36,0
81313,173,74,37,0
81314,173,74,38,0
81315,173,74,39,0
81316,173,74,40,0
81317,173,74,41,0
81318,173,74,42,0
81319,173,74,43,0
81320,173,74,44,0
81321,173,74,45,0
81322,173,74,46,0
81323,173,74,47,0
81324,173,74,48,0
81325,173,74,49,0
81326,173,74,50,0
81327,173,74,51,0
81328,173,74,52,0
81329,173,74,53,0
81330,173,74,54,0
81331,173,74,55,0
81332,173,74,56,0
81333,173,74,57,0
81334,173,74,58,0
81335,173,74,59,0
81336,173,74,60,0
81337,173,74,61,0
81338,173,74,62,0
81339,173,74,63,0
81340,173,74,64,0
81341,173,74,65,0
81342,173,74,66,0
81343,173,74,67,0
81344,173,74,68,0
81345,173,74,69,0
81346,173,74,70,0
81347,173,74,71,0
81348,173,74,72,0
81349,173,74,73,0
81350,173,74,74,0
81351,173,74,75,0
81352,173,74,76,0
81353,173,74,77,0
81354,173,74,78,0
81355,173,74,79,0
81356,173,74,80,0
81357,173,74,81,0
81358,173,74,82,0
81359,173,74,83,0
81360,173,74,84,0
81361,173,74,85,0
81362,173,74,86,0
81363,173,74,87,0
81364,173,74,88,0
81365,173,74,89,0
81366,173,74,90,0
81367,173,74,91,0
81368,173,74,92,0
81369,173,74,93,0
81370,173,74,94,0
81371,173,74,95,0
81372,173,74,96,0
81373,173,74,97,0
81374,173,74,98,0
81375,173,74,99,0
81376,173,74,100,0
81377,173,74,101,0
81378,173,74,102,0
81379,173,75,1,0
81380,173,75,2,0
81381,173,75,3,0
81382,173,75,4,0
81383,173,75,5,0
81384,173,75,6,1
81385,173,75,7,1
81386,173,75,8,1
81387,173,75,9,1
81388,173,75,10,1
81389,173,75,11,1
81390,173,75,12,1
81391,173,75,13,1
81392,173,74,103,0
81393,173,74,104,0
81394,173,74,105,0
81395,173,74,106,0
81396,173,74,107,0
81397,173,74,108,0
81398,173,74,109,0
81399,173,74,110,0
81400,173,74,111,0
81401,173,74,112,0
81402,173,74,113,0
81403,173,74,114,0
81404,173,74,115,0
81405,173,74,116,0
81406,173,74,117,0
81407,173,74,118,0
81408,173,74,119,0
81409,173,74,120,0
81410,173,74,121,0
81411,173,74,122,0
81412,173,74,123,0
81413,173,74,124,0
81414,173,74,125,0
81415,173,74,126,0
81416,173,74,127,0
81417,173,74,128,0
81418,173,74,129,0
81419,173,74,130,0
81420,173,74,131,0
81421,173,74,132,0
81422,173,74,133,0
81423,173,74,134,0
81424,173,74,135,0
81425,173,74,136,0
81426,173,74,137,0
81427,173,74,138,0
81428,173,74,139,0
81429,173,74,140,0
81430,173,74,141,0
81431,173,74,142,0
81432,173,74,143,0
81433,173,74,144,0
81434,173,74,145,0
81435,173,74,146,0
81436,173,74,147,0
81437,173,74,148,0
81438,173,74,149,0
81439,173,74,150,0
81440,173,74,151,0
81441,173,74,152,0
81442,173,74,153,0
81443,173,74,154,0
81444,173,74,155,0
81445,173,74,156,0
81446,173,74,157,0
81447,173,74,158,0
81448,173,74,159,0
81449,173,74,160,0
81450,173,74,161,0
81451,173,74,162,0
81452,173,74,163,0
81453,173,74,164,0
81454,173,74,165,0
81455,173,74,166,0
81456,173,74,167,1
81457,173,74,168,1
81458,173,74,169,2
81459,173,74,170,2
81460,173,74,171,0
81461,173,74,172,0
81462,173,74,173,0
81463,173,74,174,127
81464,173,74,175,127
81465,173,74,176,6
81466,173,74,177,11
81467,173,74,178,9
81468,173,74,179,22
81469,173,74,180,22
81470,173,74,181,23
81471,173,74,182,23
81472,173,74,183,141
81473,173,74,184,142
81474,173,74,185,143
81475,173,74,186,155
81476,173,74,187,155
81477,173,74,188,155
81478,173,74,189,155
81479,173,74,190,109
81480,173,74,191,109
81481,173,74,192,110
81482,173,74,193,111
81483,173,74,194,112
81484,173,74,195,113
81485,173,74,196,114
81486,173,74,197,115
81487,173,74,198,116
81488,173,74,199,117
81489,173,74,200,119
81490,173,74,201,120
81491,173,74,202,120
81492,173,74,203,121
81493,173,74,204,122
81494,173,74,205,123
81495,173,74,206,125
81496,173,74,207,125
81497,173,74,208,0
81498,173,74,209,0
81499,173,74,210,0
81500,173,74,211,0
81501,173,74,212,0
81502,173,74,213,0
81503,173,74,214,0
81504,173,74,215,0
81505,173,74,216,0
81506,173,74,217,130
81507,173,74,218,134
81508,173,74,219,136
81509,173,74,220,19
81510,173,74,221,25
81511,173,74,222,25
81512,173,74,223,25
81513,173,74,224,25
81514,173,74,225,100
81515,173,74,226,100
81516,173,74,227,96
81517,173,74,228,96
81518,173,74,229,96
81519,173,74,230,96
81520,173,74,231,157
81521,173,74,232,157
81522,173,74,233,157
81523,173,74,234,157
81524,173,74,235,158
81525,173,74,236,158
81526,173,74,237,158
81527,173,74,238,158
81528,173,74,239,0
81529,173,77,1,0
81530,173,77,2,0
81531,173,76,1,0
81532,173,76,2,0
81533,173,76,3,0
81534,173,76,4,0
81535,173,76,5,0
81536,173,76,6,0
81537,173,76,7,0
81538,173,76,8,0
81539,173,76,9,0
81540,173,76,10,0
81541,173,76,11,0
81542,173,76,12,0
81543,173,76,13,0
81544,173,76,14,0
81545,173,76,15,0
81546,173,76,16,0
81547,173,76,17,0
81548,173,76,18,0
81549,173,76,19,0
81550,173,76,20,0
81551,173,76,21,0
81552,173,76,22,0
81553,173,76,23,0
81554,173,76,24,0
81555,173,76,25,0
81556,173,76,26,0
81557,173,76,27,0
81558,173,76,28,0
81559,173,76,29,0
81560,173,76,30,120
81561,173,76,31,4
81562,173,76,32,4
81563,173,76,33,4
81564,173,76,34,4
81565,173,76,35,18
81566,173,76,36,18
81567,173,76,37,14
81568,173,76,38,14
81569,173,76,39,15
81570,173,76,40,15
81571,173,76,41,9
81572,173,76,42,13
81573,173,76,43,94
81574,173,76,44,94
81575,173,76,45,94
81576,173,76,46,94
81577,173,76,47,94
81578,173,78,1,0
81579,173,78,2,0
81580,173,78,3,0
81581,173,78,4,0
81582,173,78,5,0
81583,173,78,6,0
81584,173,78,7,0
81585,173,78,8,0
81586,173,78,9,0
81587,173,78,10,0
81588,173,78,11,0
81589,173,78,12,0
81590,173,78,13,0
81591,173,78,14,0
81592,173,78,15,0
81593,173,78,16,0
81594,173,78,17,0
81595,173,78,18,0
81596,173,78,19,0
81597,173,78,20,0
81598,173,78,21,0
81599,173,78,22,0
81600,173,78,23,140
81601,173,78,24,6
81602,173,78,25,5
81603,173,78,26,23
81604,173,78,27,23
81605,173,78,28,23
81606,173,77,3,1
81607,173,78,29,141
81608,173,78,30,141
81609,173,78,31,141
81610,173,78,32,141
81611,173,78,33,141
81612,173,78,34,141
81613,173,78,35,0
81614,173,78,36,2
81615,173,78,37,21
81616,173,77,4,1
81617,173,77,5,1
81618,173,77,6,1
81619,173,77,7,1
81620,173,77,8,1
81621,173,77,9,1
81622,173,77,10,1
81623,173,77,11,1
81624,173,77,12,1
81625,173,77,13,1
81626,173,77,14,1
81627,173,77,15,1
81628,173,77,16,1
81629,173,77,17,1
81630,173,77,18,1
81631,173,77,19,1
81632,173,77,20,1
81633,173,77,21,1
81634,173,77,22,1
81635,173,77,23,1
81636,173,77,24,1
81637,173,77,25,1
81638,173,77,26,1
81639,173,77,27,1
81640,173,77,28,1
81641,173,77,29,1
81642,173,77,30,1
81643,173,77,31,1
81644,173,77,32,1
81645,173,77,33,1
81646,173,77,34,1
81647,173,77,35,1
81648,173,77,36,1
81649,173,77,37,1
81650,173,77,38,1
81651,173,77,39,1
81652,173,77,40,1
81653,173,77,41,1
81654,173,77,42,1
81655,173,77,43,1
81656,173,77,44,1
81657,173,77,45,1
81658,173,77,46,1
81659,173,77,47,1
81660,173,77,48,1
81661,173,77,49,1
81662,173,77,50,1
81663,173,77,51,1
81664,173,77,52,1
81665,173,77,53,1
81666,173,77,54,1
81667,173,77,55,1
81668,173,77,56,1
81669,173,77,57,1
81670,173,77,58,1
81671,173,77,59,1
81672,173,77,60,1
81673,173,77,61,1
81674,173,77,62,1
81675,173,77,63,1
81676,173,77,64,1
81677,173,77,65,1
81678,173,77,66,1
81679,173,77,67,1
81680,173,77,68,1
81681,173,77,69,1
81682,173,77,70,1
81683,173,77,71,1
81684,173,77,72,1
81685,173,77,73,1
81686,173,77,74,1
81687,173,77,75,1
81688,173,77,76,1
81689,173,77,77,1
81690,173,77,78,1
81691,173,77,79,1
81692,173,77,80,1
81693,173,77,81,1
81694,173,77,82,1
81695,173,77,83,1
81696,173,77,84,1
81697,173,77,85,1
81698,173,77,86,1
81699,173,77,87,1
81700,173,77,88,1
81701,173,78,38,21
81702,173,78,39,21
81703,173,78,40,21
81704,173,78,41,21
81705,173,79,1,0
81706,173,79,2,1
81707,173,79,3,1
81708,173,79,4,1
81709,173,79,5,1
81710,173,78,42,0
81711,173,78,43,0
81712,173,78,44,0
81713,173,78,45,0
81714,173,78,46,0
81715,173,78,47,0
81716,173,78,48,0
81717,173,78,49,0
81718,173,78,50,0
81719,173,78,51,0
81720,173,78,52,0
81721,173,78,53,0
81722,173,78,54,0
81723,173,78,55,0
81724,173,78,56,0
81725,173,78,57,0
81726,173,78,58,0
81727,173,78,59,0
81728,173,78,60,0
81729,173,78,61,0
81730,173,78,62,0
81731,173,78,63,0
81732,173,78,64,4
81733,173,78,65,99
81734,173,78,66,99
81735,173,78,67,100
81736,173,78,68,100
81737,173,78,69,8
81738,173,78,70,136
81739,173,78,71,13
81740,173,78,72,13
81741,173,78,73,13
81742,173,78,74,14
81743,173,78,75,14
81744,173,78,76,15
81745,173,78,77,15
81746,173,78,78,19
81747,173,78,79,19
81748,173,78,80,1
81749,173,78,81,124
81750,173,78,82,124
81751,173,78,83,124
81752,173,78,84,125
81753,173,78,85,1
81754,173,78,86,1
81755,173,78,87,1
81756,173,78,88,141
81757,173,78,89,141
81758,173,78,90,141
81759,173,78,91,141
81760,173,80,1,0
81761,173,80,2,0
81762,173,80,3,1
81763,173,80,4,1
81764,173,78,92,0
81765,173,78,93,0
81766,173,78,94,0
81767,173,78,95,0
81768,173,78,96,0
81769,173,78,97,107
81770,173,78,98,121
81771,173,78,99,121
81772,173,78,100,121
81773,173,78,101,121
81774,173,78,102,121
81775,173,78,103,121
81776,173,78,104,121
81777,173,78,105,121
81778,173,78,106,121
81779,173,78,107,121
81780,173,78,108,121
81781,173,78,109,121
81782,173,78,110,121
81783,173,78,111,121
81784,173,78,112,121
81785,173,78,113,121
81786,173,78,114,121
81787,173,78,115,121
81788,173,78,116,121
81789,173,78,117,121
81790,173,78,118,121
81791,173,78,119,121
81792,173,78,120,121
81793,173,78,121,121
81794,173,78,122,108
81795,173,78,123,109
81796,173,78,124,109
81797,173,78,125,110
81798,173,78,126,110
81799,173,78,127,112
81800,173,78,128,112
81801,173,78,129,122
81802,173,78,130,122
81803,173,78,131,115
81804,173,81,1,0
81805,173,81,2,0
81806,173,81,3,1
81807,173,81,4,1
81808,173,81,5,1
81809,173,81,6,1
81810,173,81,7,1
81811,173,81,8,1
81812,173,81,9,1
81813,173,81,10,1
81814,173,81,11,2
81815,173,81,12,2
81816,173,81,13,2
81817,173,81,14,2
81818,173,81,15,2
81819,173,81,16,2
81820,173,81,17,2
81821,173,81,18,2
81822,173,81,19,2
81823,173,81,20,2
81824,173,81,21,2
81825,173,81,22,3
81826,173,81,23,3
81827,173,81,24,4
81828,173,81,25,4
81829,173,81,26,5
81830,173,81,27,5
81831,173,81,28,5
81832,173,81,29,5
81833,173,81,30,5
81834,173,81,31,5
81835,173,81,32,5
81836,173,81,33,5
81837,173,81,34,5
81838,173,81,35,6
81839,173,81,36,6
81840,173,81,37,6
81841,173,81,38,6
81842,173,81,39,6
81843,173,81,40,6
81844,173,81,41,6
81845,173,81,42,6
81846,173,81,43,6
81847,173,81,44,6
81848,173,81,45,6
81849,173,81,46,6
81850,173,81,47,6
81851,173,81,48,6
81852,173,81,49,6
81853,173,81,50,6
81854,173,81,51,6
81855,173,81,52,6
81856,173,81,53,6
81857,173,81,54,6
81858,173,81,55,6
81859,173,81,56,6
81860,173,81,57,6
81861,173,81,58,6
81862,173,81,59,6
81863,173,81,60,6
81864,173,81,61,6
81865,173,81,62,6
81866,173,81,63,6
81867,173,81,64,6
81868,173,81,65,6
81869,173,81,66,6
81870,173,81,67,6
81871,173,81,68,6
81872,173,81,69,6
81873,173,81,70,6
81874,173,81,71,6
81875,173,81,72,6
81876,173,81,73,6
81877,173,81,74,6
81878,173,81,75,6
81879,173,81,76,6
81880,173,81,77,6
81881,173,81,78,6
81882,173,81,79,6
81883,173,81,80,6
81884,173,81,81,6
81885,173,81,82,6
81886,173,81,83,6
81887,173,81,84,6
81888,173,81,85,6
81889,173,81,86,6
81890,173,81,87,6
81891,173,81,88,6
81892,173,81,89,6
81893,173,81,90,6
81894,173,81,91,6
81895,173,81,92,6
81896,173,81,93,6
81897,173,81,94,6
81898,173,81,95,6
81899,173,81,96,6
81900,173,81,97,6
81901,173,81,98,6
81902,173,81,99,6
81903,173,81,100,6
81904,173,81,101,6
81905,173,81,102,6
81906,173,82,1,0
81907,173,82,2,0
81908,173,82,3,0
81909,173,82,4,0
81910,173,82,5,0
81911,173,82,6,0
81912,173,82,7,0
81913,173,82,8,0
81914,173,82,9,0
81915,173,82,10,0
81916,173,82,11,0
81917,173,82,12,0
81918,173,82,13,0
81919,173,82,14,0
81920,173,82,15,18
81921,173,82,16,18
81922,173,82,17,99
81923,173,82,18,99
81924,173,82,19,98
81925,173,82,20,98
81926,173,82,21,9
81927,173,82,22,10
81928,173,82,23,5
81929,173,82,24,0
81930,173,82,25,125
81931,173,82,26,125
81932,173,82,27,125
81933,173,82,28,125
81934,173,82,29,125
81935,173,82,30,125
81936,173,82,31,125
81937,173,82,32,125
81938,173,82,33,125
81939,173,82,34,125
81940,173,82,35,125
81941,173,82,36,125
81942,173,82,37,125
81943,173,82,38,122
81944,173,82,39,122
81945,173,82,40,122
81946,173,82,41,122
81947,173,82,42,122
81948,173,82,43,122
81949,173,82,44,122
81950,173,82,45,123
81951,173,82,46,123
81952,173,82,47,123
81953,173,82,48,123
81954,173,82,49,123
81955,173,82,50,123
81956,173,82,51,123
81957,173,82,52,123
81958,173,82,53,123
81959,173,82,54,123
81960,173,82,55,123
81961,173,82,56,123
81962,173,82,57,123
81963,173,82,58,123
81964,173,82,59,123
81965,173,82,60,123
81966,173,82,61,123
81967,173,82,62,124
81968,173,82,63,124
81969,173,82,64,124
81970,173,82,65,124
81971,173,82,66,124
81972,173,82,67,143
81973,173,83,1,0
81974,173,83,2,0
81975,173,82,68,0
81976,173,82,69,0
81977,173,82,70,0
81978,173,82,71,0
81979,173,82,72,0
81980,173,82,73,0
81981,173,82,74,0
81982,173,82,75,0
81983,173,82,76,0
81984,173,82,77,0
81985,173,82,78,0
81986,173,82,79,0
81987,173,82,80,0
81988,173,82,81,0
81989,173,82,82,0
81990,173,82,83,0
81991,173,82,84,0
81992,173,82,85,0
81993,173,82,86,0
81994,173,82,87,0
81995,173,82,88,0
81996,173,82,89,0
81997,173,82,90,0
81998,173,82,91,0
81999,173,82,92,0
82000,173,82,93,0
82001,173,82,94,0
82002,173,82,95,0
82003,173,82,96,0
82004,173,82,97,0
82005,173,82,98,0
82006,173,82,99,0
82007,173,82,100,0
82008,173,82,101,0
82009,173,82,102,0
82010,173,82,103,0
82011,173,82,104,0
82012,173,82,105,0
82013,173,82,106,0
82014,173,82,107,0
82015,173,82,108,0
82016,173,82,109,149
82017,173,82,110,149
82018,173,82,111,149
82019,173,82,112,19
82020,173,82,113,21
82021,173,82,114,16
82022,173,82,115,16
82023,173,82,116,20
82024,173,82,117,20
82025,173,82,118,23
82026,173,82,119,23
82027,173,82,120,23
82028,173,82,121,134
82029,173,82,122,134
82030,173,82,123,134
82031,173,82,124,134
82032,173,82,125,134
82033,173,82,126,134
82034,173,82,127,134
82035,173,82,128,152
82036,173,82,129,136
82037,173,82,130,137
82038,173,82,131,138
82039,173,82,132,0
82040,173,82,133,117
82041,173,82,134,117
82042,173,82,135,117
82043,173,82,136,117
82044,173,82,137,117
82045,173,82,138,117
82046,173,82,139,117
82047,173,82,140,117
82048,173,82,141,117
82049,173,82,142,117
82050,173,82,143,117
82051,173,82,144,117
82052,173,82,145,117
82053,173,82,146,117
82054,173,82,147,117
82055,173,82,148,117
82056,173,82,149,117
82057,173,82,150,117
82058,173,82,151,117
82059,173,82,152,117
82060,173,82,153,117
82061,173,82,154,117
82062,173,82,155,117
82063,173,82,156,117
82064,173,82,157,117
82065,173,82,158,117
82066,173,82,159,117
82067,173,82,160,117
82068,173,82,161,117
82069,173,82,162,117
82070,173,82,163,117
82071,173,82,164,117
82072,173,82,165,117
82073,173,82,166,117
82074,173,82,167,117
82075,173,82,168,117
82076,173,82,169,117
82077,173,82,170,117
82078,173,82,171,117
82079,173,82,172,117
82080,173,82,173,117
82081,173,82,174,117
82082,173,82,175,117
82083,173,82,176,117
82084,173,82,177,117
82085,173,82,178,117
82086,173,82,179,117
82087,173,82,180,117
82088,173,82,181,117
82089,173,82,182,117
82090,173,82,183,117
82091,173,82,184,117
82092,173,82,185,117
82093,173,82,186,117
82094,173,82,187,117
82095,173,82,188,117
82096,173,82,189,117
82097,173,82,190,117
82098,173,82,191,117
82099,173,82,192,117
82100,173,82,193,117
82101,173,82,194,117
82102,173,82,195,117
82103,173,82,196,117
82104,173,82,197,117
82105,173,82,198,117
82106,173,82,199,117
82107,173,82,200,117
82108,173,82,201,117
82109,173,82,202,117
82110,173,82,203,117
82111,173,82,204,117
82112,173,82,205,117
82113,173,82,206,117
82114,173,82,207,117
82115,173,82,208,117
82116,173,82,209,117
82117,173,82,210,117
82118,173,82,211,117
82119,173,82,212,117
82120,173,82,213,117
82121,173,82,214,117
82122,173,82,215,117
82123,173,82,216,117
82124,173,82,217,117
82125,173,82,218,117
82126,173,82,219,117
82127,173,82,220,117
82128,173,82,221,117
82129,173,82,222,117
82130,173,82,223,117
82131,173,82,224,117
82132,173,82,225,117
82133,173,82,226,117
82134,173,82,227,117
82135,173,82,228,117
82136,173,82,229,117
82137,173,82,230,117
82138,173,82,231,117
82139,173,82,232,117
82140,173,82,233,117
82141,173,82,234,117
82142,173,82,235,117
82143,173,82,236,117
82144,173,82,237,117
82145,173,82,238,117
82146,173,82,239,117
82147,173,82,240,117
82148,173,82,241,117
82149,173,82,242,118
82150,173,82,243,119
82151,173,82,244,119
82152,173,82,245,120
82153,173,82,246,121
82154,173,82,247,158
82155,173,82,248,159
82156,173,84,1,0
82157,173,84,2,0
82158,173,84,3,1
82159,173,84,4,1
82160,173,84,5,1
82161,173,84,6,1
82162,173,84,7,1
82163,173,84,8,1
82164,173,84,9,1
82165,173,84,10,1
82166,173,84,11,1
82167,173,84,12,1
82168,173,84,13,1
82169,173,84,14,1
82170,173,84,15,1
82171,173,84,16,1
82172,173,84,17,1
82173,173,84,18,1
82174,173,85,1,0
82175,173,85,2,0
82176,173,85,3,1
82177,173,85,4,1
82178,173,85,5,1
82179,173,82,249,0
82180,173,82,250,130
82181,173,82,251,131
82182,173,82,252,131
82183,173,82,253,131
82184,173,82,254,131
82185,173,82,255,131
82186,173,82,256,131
82187,173,82,257,132
82188,173,82,258,132
82189,173,82,259,132
82190,173,82,260,132
82191,173,82,261,132
82192,173,82,262,133
82193,173,82,263,133
82194,173,82,264,133
82195,173,82,265,133
82196,173,82,266,133
82197,173,82,267,133
82198,173,82,268,129
82199,173,82,269,129
82200,173,82,270,129
82201,173,82,271,129
82202,173,82,272,129
82203,173,82,273,129
82204,173,82,274,129
82205,173,82,275,129
82206,173,82,276,129
82207,173,82,277,129
82208,173,82,278,129
82209,173,82,279,129
82210,173,82,280,129
82211,173,82,281,129
82212,173,82,282,129
82213,173,82,283,129
82214,173,82,284,129
82215,173,82,285,129
82216,173,82,286,129
82217,173,82,287,129
82218,173,82,288,129
82219,173,82,289,129
82220,173,82,290,129
82221,173,82,291,129
82222,173,82,292,129
82223,173,82,293,129
82224,173,82,294,129
82225,173,82,295,129
82226,173,82,296,129
82227,173,82,297,129
82228,173,82,298,129
82229,173,82,299,129
82230,173,82,300,129
82231,173,82,301,129
82232,173,82,302,129
82233,173,82,303,0
82234,173,86,1,0
82235,173,86,2,0
82236,173,86,3,0
82237,173,86,4,0
82238,173,86,5,0
82239,173,86,6,0
82240,173,86,7,0
82241,173,86,8,0
82242,173,86,9,0
82243,173,86,10,0
82244,173,86,11,0
82245,173,86,12,0
82246,173,86,13,0
82247,173,86,14,0
82248,173,86,15,0
82249,173,86,16,0
82250,173,86,17,0
82251,173,86,18,0
82252,173,86,19,0
82253,173,86,20,0
82254,173,86,21,0
82255,173,86,22,0
82256,173,86,23,0
82257,173,86,24,0
82258,173,86,25,6
82259,173,86,26,7
82260,173,86,27,12
82261,173,86,28,0
82262,173,86,29,0
82263,173,86,30,0
82264,173,86,31,0
82265,173,86,32,0
82266,173,86,33,0
82267,173,86,34,0
82268,173,86,35,137
82269,173,86,36,13
82270,173,86,37,13
82271,173,86,38,81
82272,173,86,39,81
82273,173,86,40,92
82274,173,86,41,92
82275,173,86,42,14
82276,173,86,43,14
82277,173,86,44,14
82278,173,86,45,14
82279,173,86,46,14
82280,173,86,47,14
82281,173,86,48,14
82282,173,86,49,14
82283,173,86,50,99
82284,173,86,51,99
82285,173,86,52,100
82286,173,86,53,101
82287,173,86,54,102
82288,173,86,55,103
82289,173,86,56,104
82290,173,86,57,107
82291,173,86,58,107
82292,173,86,59,107
82293,173,86,60,108
82294,173,86,61,109
82295,173,86,62,109
82296,173,86,63,110
82297,173,86,64,111
82298,173,86,65,112
82299,173,86,66,113
82300,173,86,67,113
82301,173,86,68,114
82302,173,86,69,115
82303,173,86,70,0
