id_schuze,id_org,schuze_num,od_schuze,do_schuze,aktualizace,pozvanka
305,165,1,1993-01-01 14:00,1993-01-01 16:00,2000-06-26 12:00,
305,165,1,1993-01-01 14:00,1993-01-01 16:00,2000-06-26 12:00,1.0
306,165,2,1993-01-26 14:00,1993-01-26 16:00,2000-06-26 12:00,
306,165,2,1993-01-26 14:00,1993-01-26 16:00,2000-06-26 12:00,1.0
307,165,3,1993-01-27 14:00,1993-01-28 16:00,2000-06-26 12:00,
307,165,3,1993-01-27 14:00,1993-01-28 16:00,2000-06-26 12:00,1.0
308,165,4,1993-02-02 14:00,1993-02-05 16:00,2000-06-26 12:00,
308,165,4,1993-02-02 14:00,1993-02-05 16:00,2000-06-26 12:00,1.0
309,165,5,1993-02-02 14:00,1993-02-02 16:00,2000-06-26 12:00,
309,165,5,1993-02-02 14:00,1993-02-02 16:00,2000-06-26 12:00,1.0
310,165,6,1993-02-23 14:00,1993-02-25 16:00,2000-06-26 12:00,
310,165,6,1993-02-23 14:00,1993-02-25 16:00,2000-06-26 12:00,1.0
311,165,7,1993-03-23 14:00,1993-03-25 16:00,2000-06-26 12:00,
311,165,7,1993-03-23 14:00,1993-03-25 16:00,2000-06-26 12:00,1.0
312,165,8,1993-04-20 14:00,1993-04-22 16:00,2000-06-26 12:00,
312,165,8,1993-04-20 14:00,1993-04-22 16:00,2000-06-26 12:00,1.0
313,165,9,1993-05-18 14:00,1993-06-01 16:00,2000-06-26 12:00,
313,165,9,1993-05-18 14:00,1993-06-01 16:00,2000-06-26 12:00,1.0
314,165,10,1993-06-15 14:00,1993-06-17 16:00,2000-06-26 12:00,
314,165,10,1993-06-15 14:00,1993-06-17 16:00,2000-06-26 12:00,1.0
315,165,11,1993-07-07 14:00,1993-07-10 16:00,2000-06-26 12:00,
315,165,11,1993-07-07 14:00,1993-07-10 16:00,2000-06-26 12:00,1.0
316,165,12,1993-09-14 14:00,1993-09-16 16:00,2000-06-26 12:00,
316,165,12,1993-09-14 14:00,1993-09-16 16:00,2000-06-26 12:00,1.0
317,165,13,1993-10-12 14:00,1993-10-15 16:00,2000-06-26 12:00,
317,165,13,1993-10-12 14:00,1993-10-15 16:00,2000-06-26 12:00,1.0
318,165,14,1993-11-09 14:00,1993-11-11 16:00,2000-06-26 12:00,
318,165,14,1993-11-09 14:00,1993-11-11 16:00,2000-06-26 12:00,1.0
319,165,15,1993-12-01 14:00,1993-12-09 16:00,2000-06-26 12:00,
319,165,15,1993-12-01 14:00,1993-12-09 16:00,2000-06-26 12:00,1.0
320,165,16,1994-02-15 14:00,1994-02-18 16:00,2000-06-26 12:00,
320,165,16,1994-02-15 14:00,1994-02-18 16:00,2000-06-26 12:00,1.0
321,165,17,1994-03-22 14:00,1994-03-24 16:00,2000-06-26 12:00,
321,165,17,1994-03-22 14:00,1994-03-24 16:00,2000-06-26 12:00,1.0
322,165,18,1994-04-26 14:00,1994-04-29 16:00,2000-06-26 12:00,
322,165,18,1994-04-26 14:00,1994-04-29 16:00,2000-06-26 12:00,1.0
323,165,19,1994-05-31 14:00,1994-06-03 16:00,2000-06-26 12:00,
323,165,19,1994-05-31 14:00,1994-06-03 16:00,2000-06-26 12:00,1.0
324,165,20,1994-06-22 14:00,1994-06-22 16:00,2000-06-26 12:00,
324,165,20,1994-06-22 14:00,1994-06-22 16:00,2000-06-26 12:00,1.0
325,165,21,1994-07-07 14:00,1994-07-09 16:00,2000-06-26 12:00,
325,165,21,1994-07-07 14:00,1994-07-09 16:00,2000-06-26 12:00,1.0
326,165,22,1994-09-08 14:00,1994-09-08 16:00,2000-06-26 12:00,
326,165,22,1994-09-08 14:00,1994-09-08 16:00,2000-06-26 12:00,1.0
327,165,23,1994-09-27 14:00,1994-09-29 16:00,2000-06-26 12:00,
327,165,23,1994-09-27 14:00,1994-09-29 16:00,2000-06-26 12:00,1.0
328,165,24,1994-11-01 14:00,1994-11-03 16:00,2000-06-26 12:00,
328,165,24,1994-11-01 14:00,1994-11-03 16:00,2000-06-26 12:00,1.0
329,165,25,1994-12-06 14:00,1994-12-15 16:00,2000-06-26 12:00,
329,165,25,1994-12-06 14:00,1994-12-15 16:00,2000-06-26 12:00,1.0
330,165,26,1994-12-15 14:00,1994-12-15 16:00,2000-06-26 12:00,
330,165,26,1994-12-15 14:00,1994-12-15 16:00,2000-06-26 12:00,1.0
331,165,27,1994-12-27 14:00,1994-12-27 16:00,2000-06-26 12:00,
331,165,27,1994-12-27 14:00,1994-12-27 16:00,2000-06-26 12:00,1.0
332,165,28,1995-02-07 14:00,1995-02-09 16:00,2000-06-26 12:00,
332,165,28,1995-02-07 14:00,1995-02-09 16:00,2000-06-26 12:00,1.0
333,165,29,1995-03-14 14:00,1995-03-17 16:00,2000-06-26 12:00,
333,165,29,1995-03-14 14:00,1995-03-17 16:00,2000-06-26 12:00,1.0
334,165,30,1995-04-18 14:00,1995-04-20 16:00,2000-06-26 12:00,
334,165,30,1995-04-18 14:00,1995-04-20 16:00,2000-06-26 12:00,1.0
335,165,31,1995-05-23 14:00,1995-05-26 16:00,2000-06-26 12:00,
335,165,31,1995-05-23 14:00,1995-05-26 16:00,2000-06-26 12:00,1.0
336,165,32,1995-06-20 14:00,1995-06-29 16:00,2000-06-26 12:00,
336,165,32,1995-06-20 14:00,1995-06-29 16:00,2000-06-26 12:00,1.0
337,165,33,1995-07-25 14:00,1995-07-25 16:00,2000-06-26 12:00,
337,165,33,1995-07-25 14:00,1995-07-25 16:00,2000-06-26 12:00,1.0
338,165,34,1995-09-26 14:00,1995-09-28 16:00,2000-06-26 12:00,
338,165,34,1995-09-26 14:00,1995-09-28 16:00,2000-06-26 12:00,1.0
339,165,35,1995-10-18 14:00,1995-10-18 16:00,2000-06-26 12:00,
339,165,35,1995-10-18 14:00,1995-10-18 16:00,2000-06-26 12:00,1.0
340,165,36,1995-10-31 14:00,1995-11-03 16:00,2000-06-26 12:00,
340,165,36,1995-10-31 14:00,1995-11-03 16:00,2000-06-26 12:00,1.0
341,165,37,1995-12-05 14:00,1995-12-13 16:00,2000-06-26 12:00,
341,165,37,1995-12-05 14:00,1995-12-13 16:00,2000-06-26 12:00,1.0
342,165,38,1995-12-19 14:00,1995-12-20 16:00,2000-06-26 12:00,
342,165,38,1995-12-19 14:00,1995-12-20 16:00,2000-06-26 12:00,1.0
343,165,39,1996-02-06 14:00,1996-02-21 16:00,2000-06-26 12:00,
343,165,39,1996-02-06 14:00,1996-02-21 16:00,2000-06-26 12:00,1.0
344,165,40,1996-03-12 14:00,1996-03-15 16:00,2000-06-26 12:00,
344,165,40,1996-03-12 14:00,1996-03-15 16:00,2000-06-26 12:00,1.0
345,165,41,1996-04-16 14:00,1996-04-16 16:00,2000-06-26 12:00,
345,165,41,1996-04-16 14:00,1996-04-16 16:00,2000-06-26 12:00,1.0
346,165,42,1996-04-23 14:00,1996-04-26 16:00,2000-06-26 12:00,
346,165,42,1996-04-23 14:00,1996-04-26 16:00,2000-06-26 12:00,1.0
347,165,43,1996-04-26 14:00,1996-04-26 16:00,2000-06-26 12:00,
347,165,43,1996-04-26 14:00,1996-04-26 16:00,2000-06-26 12:00,1.0
48,166,1,1996-06-25 14:00,1996-06-27 16:00,2000-06-26 12:00,
48,166,1,1996-06-25 14:00,1996-06-27 16:00,2000-06-26 12:00,1.0
49,166,2,1996-07-02 14:00,1996-07-04 16:00,2000-06-26 12:00,
49,166,2,1996-07-02 14:00,1996-07-04 16:00,2000-06-26 12:00,1.0
50,166,3,1996-07-23 14:00,1996-07-26 16:00,2000-06-26 12:00,
50,166,3,1996-07-23 14:00,1996-07-26 16:00,2000-06-26 12:00,1.0
51,166,4,1996-07-26 14:00,1996-07-26 16:00,2000-06-26 12:00,
51,166,4,1996-07-26 14:00,1996-07-26 16:00,2000-06-26 12:00,1.0
52,166,5,1996-10-01 14:00,1996-10-29 16:00,2000-06-26 12:00,
52,166,5,1996-10-01 14:00,1996-10-29 16:00,2000-06-26 12:00,1.0
53,166,6,1996-10-30 14:00,1996-11-01 16:00,2000-06-26 12:00,
53,166,6,1996-10-30 14:00,1996-11-01 16:00,2000-06-26 12:00,1.0
54,166,7,1996-12-10 14:00,1996-12-20 16:00,2000-06-26 12:00,
54,166,7,1996-12-10 14:00,1996-12-20 16:00,2000-06-26 12:00,1.0
55,166,8,1997-02-04 14:00,1997-02-28 16:00,2000-06-26 12:00,
55,166,8,1997-02-04 14:00,1997-02-28 16:00,2000-06-26 12:00,1.0
56,166,9,1997-02-26 14:00,1997-02-27 16:00,2000-06-26 12:00,
56,166,9,1997-02-26 14:00,1997-02-27 16:00,2000-06-26 12:00,1.0
57,166,10,1997-03-25 14:00,1997-04-04 16:00,2000-06-26 12:00,
57,166,10,1997-03-25 14:00,1997-04-04 16:00,2000-06-26 12:00,1.0
58,166,11,1997-05-13 14:00,1997-06-11 16:00,2000-06-26 12:00,
58,166,11,1997-05-13 14:00,1997-06-11 16:00,2000-06-26 12:00,1.0
59,166,12,1997-07-01 14:00,1997-07-11 16:00,2000-06-26 12:00,
59,166,12,1997-07-01 14:00,1997-07-11 16:00,2000-06-26 12:00,1.0
60,166,13,1997-09-02 14:00,1997-09-05 16:00,2000-06-26 12:00,
60,166,13,1997-09-02 14:00,1997-09-05 16:00,2000-06-26 12:00,1.0
61,166,14,1997-09-30 14:00,1997-09-30 16:00,2000-06-26 12:00,
61,166,14,1997-09-30 14:00,1997-09-30 16:00,2000-06-26 12:00,1.0
62,166,15,1997-10-14 14:00,1997-11-11 16:00,2000-06-26 12:00,
62,166,15,1997-10-14 14:00,1997-11-11 16:00,2000-06-26 12:00,1.0
63,166,16,1997-11-11 14:00,1997-11-13 16:00,2000-06-26 12:00,
63,166,16,1997-11-11 14:00,1997-11-13 16:00,2000-06-26 12:00,1.0
64,166,17,1997-12-02 14:00,1997-12-12 16:00,2000-06-26 12:00,
64,166,17,1997-12-02 14:00,1997-12-12 16:00,2000-06-26 12:00,1.0
65,166,18,1998-01-13 14:00,1998-01-13 16:00,2000-06-26 12:00,
65,166,18,1998-01-13 14:00,1998-01-13 16:00,2000-06-26 12:00,1.0
66,166,19,1998-01-27 14:00,1998-01-28 16:00,2000-06-26 12:00,
66,166,19,1998-01-27 14:00,1998-01-28 16:00,2000-06-26 12:00,1.0
67,166,20,1998-02-03 14:00,1998-02-27 16:00,2000-06-26 12:00,
67,166,20,1998-02-03 14:00,1998-02-27 16:00,2000-06-26 12:00,1.0
68,166,21,1998-02-24 14:00,1998-02-26 16:00,2000-06-26 12:00,
68,166,21,1998-02-24 14:00,1998-02-26 16:00,2000-06-26 12:00,1.0
69,166,22,1998-02-27 14:00,1998-02-27 16:00,2000-06-26 12:00,
69,166,22,1998-02-27 14:00,1998-02-27 16:00,2000-06-26 12:00,1.0
70,166,23,1998-03-24 14:00,1998-04-17 16:00,2000-06-26 12:00,
70,166,23,1998-03-24 14:00,1998-04-17 16:00,2000-06-26 12:00,1.0
71,166,24,1998-04-14 14:00,1998-04-15 16:00,2000-06-26 12:00,
71,166,24,1998-04-14 14:00,1998-04-15 16:00,2000-06-26 12:00,1.0
72,166,25,1998-05-12 14:00,1998-05-22 16:00,2000-06-26 12:00,
72,166,25,1998-05-12 14:00,1998-05-22 16:00,2000-06-26 12:00,1.0
73,166,26,1998-06-18 14:00,1998-06-18 16:00,2000-06-26 12:00,
73,166,26,1998-06-18 14:00,1998-06-18 16:00,2000-06-26 12:00,1.0
79,167,1,1998-07-15 14:00,1998-07-17 16:00,2000-06-26 12:00,1.0
79,167,1,1998-07-15 14:00,1998-07-17 16:00,2000-06-26 12:00,
96,167,2,1998-07-22 14:00,1998-07-24 16:00,2000-06-26 12:00,1.0
96,167,2,1998-07-22 14:00,1998-07-24 16:00,2000-06-26 12:00,
97,167,3,1998-08-18 14:00,1998-08-19 16:00,2000-06-26 12:00,
97,167,3,1998-08-18 14:00,1998-08-19 16:00,2000-06-26 12:00,1.0
98,167,4,1998-09-17 14:00,1998-09-17 16:00,2000-06-26 12:00,
98,167,4,1998-09-17 14:00,1998-09-17 16:00,2000-06-26 12:00,1.0
99,167,5,1998-10-13 14:00,1998-10-21 16:00,2000-06-26 12:00,1.0
99,167,5,1998-10-13 14:00,1998-10-21 16:00,2000-06-26 12:00,
100,167,6,1998-10-29 14:00,1998-10-30 16:00,2000-06-26 12:00,
100,167,6,1998-10-29 14:00,1998-10-30 16:00,2000-06-26 12:00,1.0
85,167,7,1998-11-24 14:00,1998-12-02 16:00,2000-06-26 12:00,1.0
85,167,7,1998-11-24 14:00,1998-12-02 16:00,2000-06-26 12:00,
101,167,8,1999-01-12 14:00,1999-01-15 16:00,2000-06-26 12:00,1.0
101,167,8,1999-01-12 14:00,1999-01-15 16:00,2000-06-26 12:00,
102,167,9,1999-02-02 14:00,1999-02-11 16:00,2000-06-26 12:00,
102,167,9,1999-02-02 14:00,1999-02-11 16:00,2000-06-26 12:00,1.0
103,167,10,1999-03-23 14:00,1999-04-02 16:00,2000-06-26 12:00,1.0
103,167,10,1999-03-23 14:00,1999-04-02 16:00,2000-06-26 12:00,
104,167,11,1999-04-14 14:00,1999-04-14 16:00,2000-06-26 12:00,1.0
104,167,11,1999-04-14 14:00,1999-04-14 16:00,2000-06-26 12:00,
105,167,12,1999-04-21 14:00,1999-04-21 16:00,2000-06-26 12:00,
105,167,12,1999-04-21 14:00,1999-04-21 16:00,2000-06-26 12:00,1.0
81,167,13,1999-05-11 14:00,1999-06-09 16:00,2000-06-26 12:00,
81,167,13,1999-05-11 14:00,1999-06-09 16:00,2000-06-26 12:00,1.0
88,167,14,1999-06-15 14:00,1999-06-15 16:00,2000-06-26 12:00,1.0
88,167,14,1999-06-15 14:00,1999-06-15 16:00,2000-06-26 12:00,
76,167,15,1999-06-29 14:00,1999-07-13 16:00,2000-06-26 12:00,1.0
76,167,15,1999-06-29 14:00,1999-07-13 16:00,2000-06-26 12:00,
80,167,16,1999-09-14 14:00,1999-09-14 17:00,2000-01-14 10:41,
78,167,17,1999-10-12 14:00,1999-11-11 13:00,2000-01-28 14:21,
83,167,18,1999-11-04 09:00,1999-11-10 16:00,2000-01-26 09:15,
84,167,19,1999-11-30 14:00,1999-12-21 16:00,2000-01-28 13:54,
86,167,20,1999-12-21 10:00,1999-12-22 11:00,2000-08-23 10:55,
87,167,21,2000-01-18 14:00,2000-01-28 17:00,2000-01-31 09:52,
89,167,22,2000-02-22 14:00,2000-03-10 15:00,2000-03-15 09:10,
90,167,23,2000-03-07 14:00,2000-03-08 16:00,2000-03-08 15:50,
91,167,24,2000-04-04 14:00,2000-04-18 19:00,2000-03-23 15:06,1.0
91,167,24,2000-04-04 14:00,2000-04-18 19:00,2000-04-25 08:34,
92,167,25,2000-05-16 14:00,,2000-05-05 11:01,1.0
92,167,25,2000-05-16 14:00,2000-05-30 20:00,2000-06-01 09:13,
93,167,26,2000-06-27 14:00,2000-07-14 14:00,2000-07-20 09:11,
93,167,26,2000-06-27 14:00,,2000-06-15 14:28,1.0
106,167,27,2000-09-14 09:00,,2000-09-01 12:28,1.0
106,167,27,2000-09-14 09:00,2000-10-27 10:00,2000-10-27 14:21,
107,167,28,2000-10-17 00:00,,2000-10-05 15:41,1.0
107,167,28,2000-10-17 14:00,2000-10-27 12:00,2000-10-27 12:06,
108,167,29,2000-11-28 14:00,,2000-11-28 16:58,1.0
108,167,29,2000-11-28 14:00,2000-12-12 18:00,2000-12-12 17:39,
111,167,30,2001-01-05 10:00,,2001-01-02 09:21,1.0
111,167,30,2001-01-05 10:00,2001-01-06 01:00,2001-01-08 12:14,
112,167,31,2001-01-12 09:00,,2001-01-05 14:56,1.0
112,167,31,2001-01-12 09:00,2001-01-13 03:00,2001-01-13 03:04,
109,167,32,2001-01-23 14:00,,2001-01-11 14:35,1.0
109,167,32,2001-01-23 14:00,2001-01-26 16:00,2001-01-29 08:39,
113,167,33,2001-02-09 10:00,,2001-01-31 11:54,1.0
113,167,33,2001-02-09 10:00,2001-02-09 12:00,2001-02-28 16:01,
110,167,34,2001-02-20 14:00,,2001-02-12 12:40,1.0
110,167,34,2001-02-20 14:00,2001-03-02 15:00,2001-03-05 12:00,
114,167,35,2001-04-03 14:00,2001-04-13 11:00,2001-04-13 11:04,
114,167,35,2001-04-03 14:00,,2001-03-23 08:44,1.0
115,167,36,2001-05-15 14:00,,2001-05-04 08:03,1.0
115,167,36,2001-05-15 14:00,2001-05-25 15:00,2001-05-29 13:22,
116,167,37,2001-06-26 14:00,2001-07-13 13:00,2001-06-15 08:02,1.0
116,167,37,2001-06-26 14:00,2001-07-13 13:00,2001-07-13 12:28,
118,167,38,2001-09-18 14:00,,2001-08-31 13:06,1.0
118,167,38,2001-09-18 14:00,2001-09-21 14:00,2001-09-25 10:04,
119,167,39,2001-10-16 14:00,,2001-10-05 11:43,1.0
119,167,39,2001-10-16 14:00,2001-11-01 19:00,2001-11-06 08:57,
120,167,40,2001-11-09 09:00,,2001-11-05 14:21,1.0
120,167,40,2001-11-09 09:00,2001-11-09 13:00,2001-11-09 13:12,
122,167,41,2001-11-09 13:00,2001-11-09 13:00,2001-11-09 13:50,
122,167,41,2001-11-09 00:00,,2001-11-05 14:57,1.0
123,167,42,2001-11-15 15:00,,2001-11-13 15:49,1.0
123,167,42,2001-11-15 15:00,2001-11-15 19:00,2001-11-15 18:51,
121,167,43,2001-11-27 14:00,,2001-11-16 08:20,1.0
121,167,43,2001-11-27 14:00,2001-12-19 17:00,2002-01-04 15:35,
125,167,44,2001-12-19 09:00,,2001-12-11 13:07,1.0
125,167,44,2001-12-19 09:00,2001-12-19 09:00,2001-12-19 09:48,
126,167,45,2001-12-19 00:00,,2001-12-13 18:26,1.0
126,167,45,2001-12-19 09:00,2001-12-19 13:00,2001-12-19 12:42,
124,167,46,2002-01-29 14:00,,2002-01-18 14:22,1.0
124,167,46,2002-01-29 14:00,2002-02-15 13:00,2002-02-15 13:26,
127,167,47,2002-03-12 14:00,,2002-02-28 15:42,1.0
127,167,47,2002-03-12 14:00,2002-04-09 19:00,2002-04-12 15:33,
129,167,48,2002-04-09 14:00,,2002-04-02 13:48,1.0
129,167,48,2002-04-09 19:00,2002-04-09 21:00,2002-04-09 21:03,
128,167,49,2002-04-23 14:00,,2002-04-17 12:36,1.0
128,167,49,2002-04-23 14:00,2002-05-09 12:00,2002-05-09 12:48,
131,167,50,2002-05-07 10:00,,2002-04-30 10:52,1.0
131,167,50,2002-05-07 10:00,2002-05-09 15:00,2002-05-09 15:39,
130,167,51,2002-06-13 10:00,,2002-05-30 09:56,1.0
130,167,51,2002-06-13 10:00,2002-06-13 14:00,2002-06-13 14:02,
132,168,1,2002-07-09 14:00,,2002-07-01 12:46,1.0
132,168,1,2002-07-09 14:00,2002-07-11 21:00,2002-07-12 08:36,
133,168,2,2002-07-16 14:00,,2002-07-11 21:58,1.0
133,168,2,2002-07-16 14:00,2002-07-18 18:00,2002-07-18 17:33,
135,168,3,2002-08-06 14:00,,2002-07-18 12:01,1.0
135,168,3,2002-08-06 14:00,2002-08-08 18:00,2002-08-08 18:24,
139,168,4,2002-08-23 10:00,,2002-08-22 14:27,1.0
139,168,4,2002-08-23 10:00,2002-08-23 16:00,2002-08-23 16:20,
142,168,5,2002-09-12 10:00,2002-09-13 17:00,2002-09-20 12:47,1.0
142,168,5,2002-09-12 10:00,2002-09-13 17:00,2002-09-20 13:57,
144,168,6,2002-10-08 14:00,,2002-09-27 10:29,1.0
144,168,6,2002-10-08 14:00,2002-10-22 19:00,2002-10-23 12:43,
146,168,7,2002-11-07 09:00,,2002-10-31 10:57,1.0
146,168,7,2002-11-07 09:00,2002-11-08 14:00,2002-11-18 09:53,
147,168,8,2002-11-26 14:00,,2002-11-18 09:23,1.0
147,168,8,2002-11-26 14:00,2002-12-18 16:00,2002-12-20 08:30,
149,168,9,2003-01-16 10:00,,2003-01-14 13:00,1.0
149,168,9,2003-01-16 10:00,2003-01-17 11:00,2003-01-17 10:39,
148,168,10,2003-02-18 14:00,,2003-02-07 08:40,1.0
148,168,10,2003-02-18 14:00,2003-03-06 19:00,2003-03-07 07:52,
152,168,11,2003-03-11 14:00,,2003-03-06 09:09,1.0
152,168,11,2003-03-11 14:00,2003-03-11 16:00,2003-03-11 15:58,
155,168,12,2003-04-01 14:00,2003-04-01 18:00,2003-04-01 18:25,
155,168,12,2003-04-01 14:00,2003-04-01 18:00,2003-04-01 18:25,1.0
156,168,13,2003-04-02 14:00,2003-04-02 21:00,2003-04-02 21:03,
156,168,13,2003-04-02 14:00,,2003-04-02 08:57,1.0
151,168,14,2003-04-08 14:00,2003-04-30 17:00,2003-05-02 13:09,
151,168,14,2003-04-08 14:00,,2003-04-02 16:13,1.0
157,168,15,2003-04-09 14:00,,2003-04-08 18:45,1.0
157,168,15,2003-04-09 14:00,2003-04-29 15:00,2003-04-29 14:54,
154,168,16,2003-05-13 14:00,2003-06-10 16:00,2003-06-10 15:20,
154,168,16,2003-05-13 14:00,,2003-04-30 16:54,1.0
160,168,17,2003-06-10 00:00,,2003-06-02 14:24,1.0
160,168,17,2003-06-10 16:00,2003-06-10 17:00,2003-06-10 16:27,
158,168,18,2003-06-24 14:00,,2003-06-12 15:20,1.0
158,168,18,2003-06-24 14:00,2003-07-08 19:00,2003-07-09 08:24,
161,168,19,2003-07-22 14:00,2003-07-24 16:00,2003-07-24 15:38,
161,168,19,2003-07-22 14:00,,2003-07-14 14:32,1.0
162,168,20,2003-09-23 14:00,,2003-09-11 15:37,1.0
162,168,20,2003-09-23 14:00,2003-09-26 18:00,2003-09-29 08:25,
168,168,21,2003-10-07 10:00,2003-10-07 19:00,2003-10-07 18:47,
168,168,21,2003-10-07 10:00,,2003-10-01 08:38,1.0
164,168,22,2003-10-14 14:00,,2003-10-02 15:53,1.0
164,168,22,2003-10-14 14:00,2003-11-04 18:00,2003-11-04 17:56,
169,168,23,2003-11-25 14:00,,2003-11-14 09:16,1.0
169,168,23,2003-11-25 14:00,2003-12-19 13:00,2003-12-19 13:18,
171,168,24,2003-12-05 09:00,,2003-11-28 10:15,1.0
171,168,24,2003-12-05 09:00,2003-12-05 15:00,2003-12-05 14:50,
172,168,25,2003-12-09 14:00,,2003-12-03 15:03,1.0
172,168,25,2003-12-09 14:00,2003-12-16 15:00,2003-12-16 15:40,
174,168,26,2004-01-14 14:00,,2003-12-19 11:35,1.0
174,168,26,2004-01-14 14:00,2004-01-14 17:00,2004-01-14 16:49,
170,168,27,2004-02-10 14:00,,2004-02-02 15:59,1.0
170,168,27,2004-02-10 14:00,2004-03-23 18:00,2004-03-23 17:48,
175,168,28,2004-02-24 16:00,,2004-02-18 10:07,1.0
175,168,28,2004-02-24 16:00,2004-03-02 17:00,2004-03-02 17:05,
178,168,29,2004-03-02 14:00,,2004-02-25 18:18,1.0
178,168,29,2004-03-02 14:00,2004-03-02 15:00,2004-03-02 14:21,
177,168,30,2004-03-23 14:00,,2004-03-12 13:06,1.0
177,168,30,2004-03-23 14:00,2004-04-22 16:00,2004-04-23 09:56,
179,168,31,2004-05-04 14:00,,2004-04-23 08:28,1.0
179,168,31,2004-05-04 14:00,2004-05-13 19:00,2004-05-14 07:47,
181,168,32,2004-05-13 14:00,,2004-05-05 13:27,1.0
181,168,32,2004-05-13 14:00,2004-05-13 14:00,2004-05-13 16:36,
180,168,33,2004-06-15 14:00,,2004-06-04 09:30,1.0
180,168,33,2004-06-15 14:00,2004-07-01 15:00,2004-07-01 15:02,
183,168,34,2004-08-24 14:00,,2004-08-17 11:53,1.0
183,168,34,2004-08-24 14:00,2004-08-24 22:00,2004-08-24 22:12,
182,168,35,2004-09-21 13:00,,2004-09-10 08:42,1.0
182,168,35,2004-09-21 13:00,2004-09-24 16:00,2004-09-24 16:16,
184,168,36,2004-10-12 13:00,2004-10-21 18:00,2004-10-21 18:02,
184,168,36,2004-10-12 13:00,,2004-10-01 14:01,1.0
185,168,37,2004-11-02 09:00,2004-11-05 16:00,2004-11-05 16:04,
185,168,37,2004-11-02 09:00,,2004-10-22 07:32,1.0
186,168,38,2004-11-23 10:00,2004-11-26 16:00,2004-11-26 16:07,
186,168,38,2004-11-23 10:00,,2004-11-12 08:45,1.0
187,168,39,2004-12-14 09:00,2004-12-17 16:00,2004-12-29 09:59,
187,168,39,2004-12-14 09:00,,2004-12-03 09:59,1.0
188,168,40,2005-01-21 09:00,,2005-01-21 09:43,1.0
188,168,40,2005-01-21 09:00,2005-01-21 16:00,2005-01-21 15:34,
189,168,41,2005-02-08 14:00,,2005-01-28 09:40,1.0
189,168,41,2005-02-08 14:00,2005-02-24 19:00,2005-02-24 18:39,
190,168,42,2005-03-22 14:00,,2005-03-11 12:14,1.0
190,168,42,2005-03-22 14:00,2005-04-01 13:00,2005-04-01 13:33,
191,168,43,2005-04-01 09:00,2005-04-01 13:00,2005-04-01 13:22,
191,168,43,2005-04-01 09:00,,2005-03-29 15:09,1.0
192,168,44,2005-05-03 14:00,,2005-04-21 15:21,1.0
192,168,44,2005-05-03 14:00,2005-05-18 13:00,2005-05-18 13:03,
193,168,45,2005-06-14 14:00,2005-07-01 15:00,2005-07-01 15:00,
193,168,45,2005-06-14 14:00,,2005-06-02 15:28,1.0
195,168,46,2005-08-16 14:00,,2005-08-05 12:47,1.0
195,168,46,2005-08-16 14:00,2005-08-19 13:00,2005-08-19 13:13,
196,168,47,2005-09-20 14:00,2005-09-23 13:00,2005-09-23 12:56,
196,168,47,2005-09-20 14:00,,2005-09-08 16:32,1.0
197,168,48,2005-10-11 14:00,2005-10-27 17:00,2005-10-27 16:27,
197,168,48,2005-10-11 14:00,,2005-09-30 08:05,1.0
199,168,49,2005-10-25 14:00,,2005-10-19 13:32,1.0
199,168,49,2005-10-25 14:00,2005-11-01 14:00,2005-11-01 14:14,
200,168,50,2005-11-01 00:00,,2005-10-26 10:52,1.0
200,168,50,2005-11-01 14:00,2005-11-01 15:00,2005-11-01 15:06,
198,168,51,2005-11-22 14:00,,2005-11-10 16:49,1.0
198,168,51,2005-11-22 14:00,2005-12-21 17:00,2005-12-21 17:02,
202,168,52,2006-01-17 14:00,2006-01-17 18:00,2006-01-17 18:01,
202,168,52,2006-01-17 14:00,,2006-01-09 14:32,1.0
201,168,53,2006-01-24 14:00,,2006-01-13 08:10,1.0
201,168,53,2006-01-24 14:00,2006-02-10 16:00,2006-02-10 16:11,
204,168,54,2006-03-07 14:00,2006-03-21 18:00,2006-03-21 18:11,
204,168,54,2006-03-07 14:00,,2006-02-23 14:42,1.0
205,168,55,2006-04-18 14:00,,2006-04-07 08:45,1.0
205,168,55,2006-04-18 14:00,2006-05-09 18:00,2006-05-10 14:33,
206,168,56,2006-05-23 14:00,2006-05-23 20:00,2006-05-23 20:17,
206,168,56,2006-05-23 14:00,,2006-05-16 11:04,1.0
211,169,1,2006-06-27 14:00,,2006-06-21 09:07,1.0
211,169,1,2006-06-27 14:00,2006-08-15 11:00,2006-08-15 11:13,
212,169,2,2006-08-29 14:00,,2006-08-15 15:47,1.0
212,169,2,2006-08-29 14:00,2006-09-15 10:00,2006-09-15 09:38,
213,169,3,2006-09-15 10:00,,2006-09-06 15:42,1.0
213,169,3,2006-09-15 10:00,2006-09-15 13:00,2006-09-18 13:51,
214,169,4,2006-09-29 10:00,,2006-09-22 12:20,1.0
214,169,4,2006-09-29 10:00,2006-09-29 17:00,2006-09-29 17:03,
216,169,5,2006-10-03 14:00,,2006-09-26 14:38,1.0
216,169,5,2006-10-03 14:00,2006-10-03 18:00,2006-10-03 18:33,
217,169,6,2006-10-24 14:00,,2006-10-12 16:00,1.0
217,169,6,2006-10-24 14:00,2006-11-08 19:00,2006-11-09 12:40,
218,169,7,2006-11-28 14:00,,2006-11-16 14:43,1.0
218,169,7,2006-11-28 14:00,2006-12-13 19:00,2006-12-13 19:07,
219,169,8,2006-12-08 09:00,2006-12-08 14:00,2006-12-08 13:40,
219,169,8,2006-12-08 09:00,,2006-11-30 16:23,1.0
220,169,9,2007-01-19 09:00,2007-01-19 20:00,2007-01-19 20:01,
220,169,9,2007-01-19 09:00,,2007-01-19 12:10,1.0
222,169,10,2007-01-17 14:00,,2007-01-11 15:28,1.0
222,169,10,2007-01-17 14:00,2007-01-17 14:00,2007-02-07 15:08,
221,169,11,2007-01-30 14:00,2007-02-08 18:00,2007-02-09 07:55,
221,169,11,2007-01-30 14:00,,2007-01-18 15:16,1.0
223,169,12,2007-02-07 14:00,,2007-01-31 17:43,1.0
223,169,12,2007-02-07 14:00,2007-02-07 15:00,2007-02-07 15:09,
224,169,13,2007-03-13 14:00,,2007-03-01 15:46,1.0
224,169,13,2007-03-13 14:00,2007-03-21 15:00,2007-03-21 15:28,
225,169,14,2007-04-24 14:00,2007-05-10 15:00,2007-05-10 14:38,
225,169,14,2007-04-24 14:00,,2007-04-12 16:09,1.0
226,169,15,2007-06-05 14:00,,2007-05-24 15:09,1.0
226,169,15,2007-06-05 14:00,2007-06-20 17:00,2007-06-21 10:26,
227,169,16,2007-06-15 09:00,2007-06-15 10:00,2007-06-15 10:14,
227,169,16,2007-06-15 09:00,,2007-06-11 10:24,1.0
229,169,17,2007-06-20 09:00,,2007-06-15 11:07,1.0
229,169,17,2007-06-20 09:00,2007-06-20 12:00,2007-06-20 12:22,
228,169,18,2007-08-14 14:00,2007-08-21 16:00,2007-08-21 16:05,
228,169,18,2007-08-14 14:00,,2007-08-07 08:51,1.0
230,169,19,2007-08-16 09:00,,2007-08-07 12:57,1.0
230,169,19,2007-08-15 14:00,2007-08-15 15:00,2007-08-21 16:40,
232,169,20,2007-08-21 17:00,2007-08-21 17:00,2007-08-21 17:46,
232,169,20,2007-08-22 09:00,,2007-08-15 17:10,1.0
231,169,21,2007-09-25 14:00,,2007-09-14 09:17,1.0
231,169,21,2007-09-25 14:00,2007-09-27 19:00,2007-09-27 19:09,
234,169,22,2007-10-16 14:00,2007-10-31 19:00,2007-10-31 19:12,
234,169,22,2007-10-16 14:00,,2007-10-05 08:25,1.0
235,169,23,2007-11-27 14:00,2007-12-07 13:00,2007-12-07 23:14,
235,169,23,2007-11-27 14:00,,2007-11-16 12:58,1.0
236,169,24,2007-12-04 14:00,2007-12-05 13:00,2007-12-05 13:11,
236,169,24,2007-12-04 14:00,,2007-11-28 18:06,1.0
237,169,25,2007-12-06 09:00,2007-12-06 10:00,2007-12-06 12:04,
237,169,25,2007-12-06 09:00,,2007-11-30 16:19,1.0
239,169,26,2008-01-15 14:00,2008-01-15 15:00,2008-01-15 14:35,
239,169,26,2008-01-15 14:00,,2008-01-08 13:00,1.0
238,169,27,2008-01-29 14:00,2008-02-13 17:00,2008-02-13 17:06,
238,169,27,2008-01-29 14:00,,2008-01-17 15:34,1.0
240,169,28,2008-03-11 14:00,2008-04-01 20:00,2008-04-01 20:27,
240,169,28,2008-03-11 14:00,,2008-02-28 15:46,1.0
241,169,29,2008-04-01 14:00,,2008-03-25 09:13,1.0
241,169,29,2008-04-01 14:00,2008-04-01 17:00,2008-04-01 17:02,
242,169,30,2008-04-22 14:00,,2008-04-10 14:48,1.0
242,169,30,2008-04-22 14:00,2008-05-07 18:00,2008-05-07 18:14,
243,169,31,2008-04-30 09:00,2008-04-30 13:00,2008-04-30 12:41,
243,169,31,2008-04-30 09:00,,2008-04-25 11:55,1.0
244,169,32,2008-06-03 14:00,,2008-05-22 15:02,1.0
244,169,32,2008-06-03 14:00,2008-06-25 15:00,2008-06-25 14:51,
245,169,33,2008-06-13 09:00,,2008-06-06 14:04,1.0
245,169,33,2008-06-13 09:00,2008-06-13 10:00,2008-06-13 10:57,
246,169,34,2008-06-18 09:00,,2008-06-13 09:10,1.0
246,169,34,2008-06-18 09:00,2008-06-25 22:00,2008-06-25 22:13,
247,169,35,2008-06-18 13:00,,2008-06-13 14:25,1.0
247,169,35,2008-06-18 18:00,2008-06-25 23:00,2008-06-25 22:50,
248,169,36,2008-06-25 09:00,,2008-06-19 09:19,1.0
248,169,36,2008-06-25 09:00,2008-06-25 11:00,2008-06-25 11:02,
250,169,37,2008-08-19 14:00,,2008-08-12 10:41,1.0
250,169,37,2008-08-19 14:00,2008-08-22 14:00,2008-08-22 13:22,
251,169,38,2008-09-23 14:00,2008-09-26 14:00,2008-09-26 14:08,
251,169,38,2008-09-23 14:00,,2008-09-11 14:27,1.0
252,169,39,2008-10-21 14:00,,2008-10-09 12:50,1.0
252,169,39,2008-10-21 14:00,2008-10-31 15:00,2008-11-04 13:01,
253,169,40,2008-10-22 09:00,2008-10-22 18:00,2008-10-22 17:53,
253,169,40,2008-10-22 09:00,,2008-10-16 10:39,1.0
255,169,41,2008-11-11 10:00,,2008-11-03 14:22,1.0
255,169,41,2008-11-11 10:00,2008-11-11 12:00,2008-11-11 11:38,
256,169,42,2008-11-11 11:00,,2008-11-04 15:04,1.0
256,169,42,2008-11-11 11:00,2008-11-11 18:00,2008-11-11 17:36,
254,169,43,2008-11-25 14:00,,2008-11-13 15:10,1.0
254,169,43,2008-11-25 14:00,2008-11-25 16:00,2008-11-25 16:51,
257,169,44,2008-12-02 14:00,2008-12-19 19:00,2008-12-22 11:05,
257,169,44,2008-12-02 14:00,,2008-11-26 16:12,1.0
258,169,45,2008-12-03 09:00,2008-12-10 17:00,2008-12-10 17:16,
258,169,45,2008-12-03 09:00,,2008-11-26 16:10,1.0
259,169,46,2008-12-09 14:00,,2008-12-01 10:05,1.0
259,169,46,2008-12-09 14:00,2009-02-18 10:00,2009-02-18 09:53,
260,169,47,2008-12-17 10:00,,2008-12-10 12:12,1.0
260,169,47,2008-12-17 10:00,2008-12-19 21:00,2008-12-22 11:02,
261,169,48,2009-02-03 14:00,,2009-01-23 10:49,1.0
261,169,48,2009-02-03 14:00,2009-02-20 14:00,2009-02-20 14:50,
262,169,49,2009-02-17 14:00,,2009-02-10 10:51,1.0
262,169,49,2009-02-17 14:00,2009-02-17 15:00,2009-02-17 14:40,
264,169,50,2009-03-03 14:00,,2009-02-25 13:21,1.0
264,169,50,2009-03-03 14:00,2009-03-03 17:00,2009-03-03 18:22,
265,169,51,2009-03-03 00:00,,2009-02-25 14:00,1.0
265,169,51,2009-03-03 00:00,2009-03-03 18:00,2009-03-05 14:28,
263,169,52,2009-03-17 14:00,2009-04-03 12:00,2009-04-03 12:05,
263,169,52,2009-03-17 14:00,,2009-03-05 14:25,1.0
266,169,53,2009-03-24 14:00,,2009-03-17 17:52,1.0
266,169,53,2009-03-24 14:00,2009-03-24 19:00,2009-03-24 18:40,
267,169,54,2009-03-31 14:00,,2009-03-25 16:38,1.0
267,169,54,2009-03-31 14:00,2009-03-31 21:00,2009-04-01 11:49,
268,169,55,2009-04-03 09:00,2009-04-03 11:00,2009-04-03 11:04,
268,169,55,2009-04-03 09:00,,2009-03-27 13:26,1.0
269,169,56,2009-04-28 14:00,,2009-04-17 08:00,1.0
269,169,56,2009-04-28 14:00,2009-05-15 15:00,2009-05-15 14:52,
271,169,57,2009-05-12 14:00,,2009-05-06 08:46,1.0
271,169,57,2009-05-12 14:00,2009-05-15 11:00,2009-05-15 10:35,
274,169,58,2009-06-07 14:00,,2009-05-26 10:43,1.0
274,169,58,2009-06-07 14:00,2009-06-07 19:00,2009-06-07 18:36,
270,169,59,2009-06-09 14:00,,2009-06-02 15:20,1.0
270,169,59,2009-06-09 14:00,2009-06-19 14:00,2009-07-02 10:04,
272,169,60,2009-09-08 14:00,,2009-08-28 09:35,1.0
272,169,60,2009-09-08 14:00,2009-09-11 17:00,2009-09-11 16:48,
276,169,61,2009-09-15 14:00,,2009-09-09 14:40,1.0
276,169,61,2009-09-15 14:00,2009-09-15 14:00,2009-09-16 10:51,
277,169,62,2009-09-29 14:00,,2009-09-17 14:33,1.0
277,169,62,2009-09-29 14:00,2009-10-02 13:00,2009-10-02 13:01,
278,169,63,2009-09-24 10:00,,2009-09-21 16:26,1.0
278,169,63,2009-09-24 10:00,2009-09-25 13:00,2009-09-25 12:54,
275,169,64,2009-10-20 14:00,,2009-10-08 15:36,1.0
275,169,64,2009-10-20 14:00,2009-11-06 14:00,2009-11-06 13:53,
279,169,65,2009-11-13 10:00,,2009-11-06 13:06,1.0
279,169,65,2009-11-13 10:00,2009-11-13 15:00,2009-11-13 14:50,
280,169,66,2009-12-01 14:00,,2009-11-20 12:39,1.0
280,169,66,2009-12-01 14:00,2009-12-11 14:00,2009-12-11 13:59,
281,169,67,2010-01-26 14:00,,2010-01-14 15:05,1.0
281,169,67,2010-01-26 14:00,2010-02-12 12:00,2010-04-16 13:49,
284,169,68,2010-02-09 11:00,,2010-02-03 19:45,1.0
284,169,68,2010-02-09 11:00,2010-02-12 12:00,2010-02-12 11:56,
285,169,69,2010-02-10 09:00,2010-02-10 17:00,2010-02-10 17:16,
285,169,69,2010-02-10 09:00,,2010-02-04 16:14,1.0
286,169,70,2010-02-10 11:00,2010-02-12 12:00,2010-02-12 12:00,
286,169,70,2010-02-10 11:00,,2010-02-04 16:14,1.0
287,169,71,2010-02-11 09:00,,2010-02-05 14:16,1.0
287,169,71,2010-02-11 09:00,2010-02-12 12:00,2010-02-12 12:01,
288,169,72,2010-02-24 09:00,,2010-02-16 08:45,1.0
288,169,72,2010-02-24 09:00,2010-02-24 11:00,2010-02-24 10:59,
289,169,73,2010-02-25 09:00,2010-03-09 19:00,2010-03-09 18:37,
289,169,73,2010-02-25 09:00,,2010-02-16 11:00,1.0
290,169,74,2010-02-26 09:00,2010-03-09 19:00,2010-03-09 18:41,
290,169,74,2010-02-26 09:00,,2010-02-19 08:06,1.0
282,169,75,2010-03-09 14:00,,2010-02-25 15:43,1.0
282,169,75,2010-03-09 14:00,2010-03-19 14:00,2010-03-19 14:42,
291,169,76,2010-03-02 14:00,2010-03-02 17:00,2010-03-02 17:23,
291,169,76,2010-03-02 14:00,,2010-02-26 14:08,1.0
292,169,77,2010-03-18 09:00,2010-04-15 15:00,2010-05-28 09:14,
292,169,77,2010-03-18 09:00,,2010-03-12 11:26,1.0
293,169,78,2010-04-13 14:00,2010-04-16 14:00,2010-04-16 14:04,
293,169,78,2010-04-13 14:00,,2010-04-01 15:00,1.0
294,169,79,2010-05-18 10:00,,2010-05-13 14:00,1.0
294,169,79,2010-05-18 10:00,2010-05-27 13:00,2010-05-27 12:42,
295,170,1,2010-06-22 14:00,,2010-06-15 13:40,1.0
295,170,1,2010-06-22 14:00,2010-06-24 17:00,2010-06-24 16:33,
296,170,2,2010-07-07 13:00,,2010-06-25 09:29,1.0
296,170,2,2010-07-07 13:00,2010-07-09 13:00,2010-07-09 13:02,
297,170,3,2010-08-10 14:00,,2010-07-15 10:26,1.0
297,170,3,2010-08-10 14:00,2010-08-10 22:00,2010-08-10 21:47,
300,170,4,2010-09-07 11:00,,2010-08-30 11:29,1.0
300,170,4,2010-09-07 11:00,2010-09-07 18:00,2010-09-07 17:31,
298,170,5,2010-09-21 14:00,2010-09-24 15:00,2010-09-29 09:32,
298,170,5,2010-09-21 14:00,,2010-09-09 12:59,1.0
301,170,6,2010-09-23 11:00,,2010-09-16 15:23,1.0
301,170,6,2010-09-23 11:00,2010-09-23 13:00,2010-09-23 12:50,
304,170,7,2010-10-26 14:00,,2010-10-15 10:35,1.0
304,170,7,2010-10-26 14:00,2010-11-09 16:00,2010-11-09 15:39,
348,170,8,2010-11-02 16:00,,2010-11-02 15:45,1.0
348,170,8,2010-11-02 16:00,2010-11-02 23:00,2010-11-02 22:52,
349,170,9,2010-12-07 14:00,2010-12-17 15:00,2010-12-17 14:48,
349,170,9,2010-12-07 14:00,,2010-11-26 09:46,1.0
351,170,10,2010-12-21 12:00,,2010-12-15 14:00,1.0
351,170,10,2010-12-21 16:00,2010-12-21 18:00,2010-12-22 13:56,
350,170,11,2010-12-21 12:00,,2010-12-16 14:04,1.0
350,170,11,2010-12-21 12:00,2010-12-21 13:00,2010-12-21 12:48,
352,170,12,2010-12-21 18:00,2010-12-21 22:00,2010-12-22 13:56,
352,170,12,2010-12-21 12:00,,2010-12-16 10:26,1.0
353,170,13,2011-02-01 14:00,,2011-01-20 15:51,1.0
353,170,13,2011-02-01 14:00,2011-02-11 14:00,2011-02-11 13:44,
354,170,14,2011-03-15 14:00,2011-03-25 14:00,2011-03-25 13:08,
354,170,14,2011-03-15 14:00,,2011-03-03 15:08,1.0
355,170,15,2011-03-24 11:00,2011-03-24 13:00,2011-03-24 13:12,
355,170,15,2011-03-24 11:00,,2011-03-17 11:29,1.0
356,170,16,2011-04-26 14:00,2011-05-11 13:00,2011-05-11 13:06,
356,170,16,2011-04-26 14:00,,2011-04-15 09:44,1.0
357,170,17,2011-04-26 14:00,,2011-04-19 13:50,1.0
357,170,17,2011-04-26 14:00,2011-04-26 22:00,2011-04-26 21:52,
358,170,18,2011-05-05 18:00,,2011-04-29 08:36,1.0
358,170,18,2011-05-05 18:00,2011-06-16 19:00,2011-06-16 19:09,
359,170,19,2011-06-07 14:00,,2011-05-26 14:34,1.0
359,170,19,2011-06-07 14:00,2011-06-21 21:00,2011-06-21 21:21,
360,170,20,2011-07-12 14:00,,2011-07-04 09:20,1.0
360,170,20,2011-07-12 14:00,2011-07-13 20:00,2011-07-13 19:35,
361,170,21,2011-08-30 14:00,2011-09-06 19:00,2011-09-06 19:15,
361,170,21,2011-08-30 14:00,,2011-08-18 15:36,1.0
362,170,22,2011-08-30 00:00,,2011-08-24 12:33,1.0
362,170,22,2011-08-30 14:00,2011-09-09 13:00,2011-09-09 12:35,
363,170,23,2011-09-20 14:00,,2011-09-08 08:06,1.0
363,170,23,2011-09-20 14:00,2011-09-27 14:00,2011-09-27 13:13,
364,170,24,2011-09-22 09:00,2011-09-22 11:00,2011-09-22 17:27,
364,170,24,2011-09-22 09:00,,2011-09-15 11:49,1.0
365,170,25,2011-10-25 14:00,,2011-10-13 16:05,1.0
365,170,25,2011-10-25 14:00,2011-11-06 00:00,2011-11-06 23:59,
367,170,26,2011-11-03 09:00,,2011-10-27 14:58,1.0
367,170,26,2011-11-03 09:00,2011-11-03 10:00,2011-11-03 09:54,
368,170,27,2011-11-03 00:00,2011-11-03 11:00,2011-11-03 10:55,
368,170,27,2011-11-03 00:00,,2011-10-27 14:58,1.0
369,170,28,2011-11-03 00:00,2011-11-03 12:00,2011-11-03 11:39,
369,170,28,2011-11-03 00:00,,2011-10-27 14:59,1.0
370,170,29,2011-11-03 00:00,2011-11-03 12:00,2011-11-03 12:09,
370,170,29,2011-11-03 00:00,,2011-10-27 14:59,1.0
371,170,30,2011-11-04 09:00,2011-11-09 18:00,2011-11-09 18:40,
371,170,30,2011-11-04 09:00,,2011-11-02 12:26,1.0
373,170,31,2011-11-09 00:00,2011-11-09 19:00,2011-11-09 19:08,
373,170,31,2011-11-09 00:00,,2011-11-06 22:56,1.0
366,170,32,2011-12-06 14:00,2011-12-20 15:00,2011-12-20 14:40,
366,170,32,2011-12-06 14:00,,2011-11-24 14:45,1.0
374,170,33,2012-01-31 14:00,,2012-01-19 14:41,1.0
374,170,33,2012-01-31 14:00,2012-02-10 12:00,2012-02-14 10:28,
375,170,34,2012-02-09 09:00,2012-02-09 11:00,2012-02-09 10:59,
375,170,34,2012-02-09 09:00,,2012-01-31 15:19,1.0
377,170,35,2012-02-09 00:00,2012-02-09 00:00,2012-02-09 19:51,
377,170,35,2012-02-09 00:00,,2012-02-01 16:37,1.0
378,170,36,2012-03-13 14:00,2012-03-21 15:00,2012-03-21 15:00,
378,170,36,2012-03-13 14:00,,2012-03-01 15:56,1.0
376,170,37,2012-03-20 18:00,,2012-03-16 14:12,1.0
376,170,37,2012-03-20 18:00,2012-03-20 23:00,2012-03-20 23:26,
379,170,38,2012-04-24 14:00,,2012-04-13 08:00,1.0
379,170,38,2012-04-24 14:00,2012-05-09 17:00,2012-05-09 17:34,
381,170,39,2012-04-27 10:00,,2012-04-25 12:17,1.0
381,170,39,2012-04-27 10:00,2012-04-27 21:00,2012-04-27 20:24,
380,170,40,2012-06-05 14:00,2012-06-22 14:00,2012-06-22 14:14,
380,170,40,2012-06-05 14:00,,2012-05-25 08:04,1.0
382,170,41,2012-07-10 14:00,,2012-06-28 14:30,1.0
382,170,41,2012-07-10 14:00,2012-07-14 00:00,2012-07-14 00:05,
384,170,42,2012-07-13 14:00,2012-07-18 11:00,2012-07-18 10:18,
384,170,42,2012-07-13 14:00,,2012-07-11 10:17,1.0
385,170,43,2012-07-18 00:00,,2012-07-13 22:21,1.0
385,170,43,2012-07-18 00:00,2012-07-18 16:00,2012-07-18 15:35,
386,170,44,2012-07-18 00:00,,2012-07-13 22:21,1.0
386,170,44,2012-07-18 00:00,2012-07-18 23:00,2012-07-18 23:00,
383,170,45,2012-09-04 14:00,,2012-08-23 14:12,1.0
383,170,45,2012-09-04 14:00,2012-09-07 13:00,2012-09-07 13:04,
388,170,46,2012-09-18 14:00,,2012-09-05 15:16,1.0
388,170,46,2012-09-18 14:00,2012-09-26 18:00,2012-09-27 10:39,
387,170,47,2012-10-23 14:00,,2012-10-12 10:45,1.0
387,170,47,2012-10-23 14:00,2012-11-09 14:00,2012-11-09 14:01,
390,170,48,2012-11-28 10:00,,2012-11-22 13:40,1.0
390,170,48,2012-11-28 10:00,2012-11-28 16:00,2012-11-28 15:49,
391,170,49,2012-12-04 14:00,,2012-11-22 15:56,1.0
391,170,49,2012-12-04 14:00,2012-12-19 20:00,2013-01-10 13:40,
393,170,50,2013-01-17 10:00,,2013-01-11 10:55,1.0
393,170,50,2013-01-17 10:00,2013-01-17 20:00,2013-01-17 20:36,
392,170,51,2013-02-05 14:00,,2013-01-25 07:54,1.0
392,170,51,2013-02-05 14:00,2013-02-19 20:00,2013-02-19 19:39,
389,170,52,2013-03-19 14:00,,2013-03-07 14:47,1.0
389,170,52,2013-03-19 14:00,2013-04-03 14:00,2013-04-03 14:32,
394,170,53,2013-05-07 14:00,,2013-04-26 08:11,1.0
394,170,53,2013-05-07 14:00,2013-05-17 14:00,2013-05-17 13:36,
396,170,54,2013-06-11 14:00,,2013-05-30 15:15,1.0
396,170,54,2013-06-11 14:00,2013-06-25 14:00,2013-06-25 14:15,
397,170,55,2013-07-17 10:00,2013-07-17 15:00,2013-07-17 15:16,
397,170,55,2013-07-17 10:00,,2013-07-10 10:20,1.0
395,170,56,2013-07-17 11:00,,2013-07-10 10:20,1.0
395,170,56,2013-07-17 11:00,2013-07-17 18:00,2013-07-17 18:18,
399,170,57,2013-08-07 10:00,,2013-07-31 16:31,1.0
399,170,57,2013-08-07 10:00,2013-08-16 13:00,2013-08-16 12:59,
401,170,58,2013-08-16 13:00,2013-08-16 13:00,2013-08-16 13:36,
401,170,58,2013-08-07 10:00,,2013-07-31 16:33,1.0
403,170,59,2013-08-16 14:00,,2013-08-08 16:37,1.0
403,170,59,2013-08-16 14:00,2013-08-20 17:00,2013-08-20 17:26,
404,171,1,2013-11-25 14:00,,2013-11-18 12:37,1.0
404,171,1,2013-11-25 14:00,2013-11-27 23:00,2013-11-27 22:31,
405,171,2,2013-12-04 10:00,,2013-11-28 10:45,1.0
405,171,2,2013-12-04 10:00,2013-12-06 12:00,2013-12-06 11:46,
407,171,3,2013-12-06 00:00,2013-12-06 16:00,2013-12-06 15:31,
407,171,3,2013-12-06 00:00,,2013-12-04 17:45,1.0
406,171,4,2013-12-10 14:00,,2013-12-05 15:26,1.0
406,171,4,2013-12-10 14:00,2013-12-19 14:00,2013-12-19 13:20,
409,171,5,2014-01-21 10:00,,2014-01-13 11:36,1.0
409,171,5,2014-01-21 10:00,2014-01-22 18:00,2014-01-22 17:36,
408,171,6,2014-02-04 14:00,,2014-01-21 16:02,1.0
408,171,6,2014-02-04 14:00,2014-02-18 23:00,2014-02-18 22:54,
410,171,7,2014-03-18 14:00,,2014-03-06 14:01,1.0
410,171,7,2014-03-18 14:00,2014-03-26 19:00,2014-03-26 18:40,
411,171,8,2014-04-29 14:00,,2014-04-18 11:35,1.0
411,171,8,2014-04-29 14:00,2014-05-15 18:00,2014-05-16 09:09,
413,171,9,2014-05-07 14:00,,2014-04-30 16:47,1.0
413,171,9,2014-05-07 14:00,2014-05-07 15:00,2014-05-07 15:14,
412,171,10,2014-06-10 14:00,,2014-05-29 13:55,1.0
412,171,10,2014-06-10 14:00,2014-06-20 17:00,2014-06-20 17:00,
414,171,11,2014-06-20 13:00,,2014-06-19 09:33,1.0
414,171,11,2014-06-20 13:00,2014-06-20 13:00,2014-06-20 13:11,
415,171,12,2014-07-15 14:00,,2014-07-07 15:38,1.0
415,171,12,2014-07-15 14:00,2014-08-27 11:00,2014-08-27 10:28,
417,171,13,2014-07-24 09:00,,2014-07-16 11:27,1.0
417,171,13,2014-07-24 09:00,2014-07-24 12:00,2014-07-24 11:41,
418,171,14,2014-09-02 15:00,,2014-08-27 13:32,1.0
418,171,14,2014-09-02 15:00,2014-09-10 13:00,2014-09-10 12:29,
419,171,15,2014-09-10 00:00,,2014-09-03 10:29,1.0
419,171,15,2014-09-10 00:00,2014-09-16 20:00,2014-09-16 19:55,
420,171,16,2014-09-10 00:00,,2014-09-04 14:25,1.0
420,171,16,2014-09-10 00:00,2014-09-10 15:00,2014-09-10 14:40,
416,171,17,2014-09-16 14:00,2014-10-01 14:00,2014-10-01 14:18,
416,171,17,2014-09-16 14:00,,2014-09-04 14:24,1.0
422,171,18,2014-10-15 11:00,,2014-10-09 12:43,1.0
422,171,18,2014-10-15 11:00,2014-10-15 14:00,2014-10-15 14:32,
421,171,19,2014-10-21 14:00,,2014-10-09 14:51,1.0
421,171,19,2014-10-21 14:00,2014-11-07 15:00,2014-11-07 14:58,
424,171,20,2014-11-04 14:00,,2014-10-29 12:09,1.0
424,171,20,2014-11-04 14:00,2014-12-05 11:00,2014-12-05 10:27,
423,171,21,2014-11-04 00:00,2014-11-07 14:00,2014-11-07 15:00,
423,171,21,2014-11-04 00:00,,2014-11-03 10:34,1.0
426,171,22,2014-11-14 09:00,,2014-11-10 13:25,1.0
426,171,22,2014-11-14 09:00,2014-11-14 09:00,2014-11-14 09:08,
425,171,23,2014-12-02 14:00,,2014-11-20 14:11,1.0
425,171,23,2014-12-02 14:00,2014-12-22 13:00,2014-12-22 12:27,
427,171,24,2014-12-12 00:00,,2014-12-09 18:38,1.0
427,171,24,2014-12-12 00:00,2015-04-07 20:00,2015-04-08 07:47,
428,171,25,2015-01-20 14:00,,2015-01-08 14:32,1.0
428,171,25,2015-01-20 14:00,2015-02-13 14:00,2015-02-13 15:00,
429,171,26,2015-03-10 14:00,,2015-02-26 14:34,1.0
429,171,26,2015-03-10 14:00,2015-04-10 14:00,2015-04-13 12:27,
430,171,27,2015-04-28 14:00,2015-05-27 19:00,2015-05-27 18:45,
430,171,27,2015-04-28 14:00,,2015-04-16 12:44,1.0
432,171,28,2015-05-26 14:00,,2015-05-22 10:23,1.0
432,171,28,2015-05-26 14:00,2015-05-26 22:00,2015-05-26 21:48,
431,171,29,2015-06-16 14:00,,2015-06-05 14:33,1.0
431,171,29,2015-06-16 14:00,2015-07-10 16:00,2015-07-15 14:30,
434,171,30,2015-06-18 18:00,,2015-06-17 11:28,1.0
434,171,30,2015-06-18 18:00,2015-10-01 18:00,2015-10-01 18:03,
433,171,31,2015-09-15 14:00,2015-10-02 14:00,2015-10-02 14:30,
433,171,31,2015-09-15 14:00,,2015-09-03 14:42,1.0
437,171,32,2015-10-01 10:00,,2015-09-23 10:10,1.0
437,171,32,2015-10-01 10:00,,2015-10-01 19:36,
435,171,33,2015-10-06 14:00,2015-10-27 18:00,2015-10-29 08:26,
435,171,33,2015-10-06 14:00,,2015-09-24 14:25,1.0
438,171,34,2015-10-08 09:00,2015-12-08 14:00,2015-12-08 14:02,
438,171,34,2015-10-08 09:00,,2015-10-02 14:33,1.0
439,171,35,2015-10-27 00:00,,2015-10-21 17:34,1.0
439,171,35,2015-10-27 00:00,2015-11-13 14:00,2015-11-13 14:19,
440,171,36,2015-11-24 14:00,,2015-11-12 15:34,1.0
440,171,36,2015-11-24 14:00,2015-12-18 13:43,2015-12-18 14:50,
441,171,37,2015-12-11 09:00,,2015-12-04 09:21,1.0
441,171,37,2015-12-11 09:00,2016-02-10 12:30,2016-02-10 12:14,
442,171,38,2015-12-22 10:00,2015-12-22 12:00,2015-12-22 11:29,
442,171,38,2015-12-22 10:00,,2015-12-14 13:25,1.0
443,171,39,2016-01-19 14:00,,2016-01-07 15:38,1.0
443,171,39,2016-01-19 14:00,2016-02-12 11:50,2016-02-12 12:11,
444,171,40,2016-01-28 09:00,2016-01-28 11:18,2016-01-28 11:20,
444,171,40,2016-01-28 09:00,,2016-01-21 14:35,1.0
446,171,41,2016-02-12 12:00,,2016-02-09 18:07,1.0
446,171,41,2016-02-12 12:00,2016-02-12 13:55,2016-02-12 13:56,
445,171,42,2016-03-01 14:00,,2016-02-18 16:25,1.0
445,171,42,2016-03-01 14:00,2016-03-23 14:00,2016-03-23 15:32,
447,171,43,2016-03-23 15:30,,2016-03-23 20:08,
447,171,43,2016-03-23 15:30,,2016-03-14 14:01,1.0
448,171,44,2016-04-12 14:00,,2016-03-31 14:13,1.0
448,171,44,2016-04-12 14:00,2016-05-06 12:30,2016-05-06 12:26,
449,171,45,2016-04-21 11:00,2016-04-21 13:00,2016-04-21 13:35,
449,171,45,2016-04-21 11:00,,2016-04-12 18:39,1.0
450,171,46,2016-05-05 11:00,2016-06-29 17:30,2016-07-01 14:11,
450,171,46,2016-05-05 11:00,,2016-04-29 14:50,1.0
451,171,47,2016-05-24 14:00,2016-06-03 14:00,2016-06-06 11:20,
451,171,47,2016-05-24 14:00,,2016-05-13 09:48,1.0
452,171,48,2016-06-28 14:00,2016-07-13 19:00,2016-07-14 10:55,
452,171,48,2016-06-28 14:00,,2016-06-09 12:09,1.0
453,171,49,2016-09-06 14:00,2016-09-16 14:00,2017-11-01 15:11,
453,171,49,2016-09-06 14:00,,2016-08-25 14:28,1.0
455,171,50,2016-10-18 14:00,2016-11-11 14:00,2016-11-14 09:31,
455,171,50,2016-10-18 14:00,,2016-10-07 08:21,1.0
459,171,51,2016-11-11 09:00,,2016-11-03 14:01,1.0
459,171,51,2016-11-11 09:00,2016-11-11 12:00,2016-11-11 12:12,
456,171,52,2016-11-11 09:00,,2016-11-03 14:01,1.0
456,171,52,2016-11-11 09:00,2016-11-11 14:00,2016-11-11 14:07,
436,171,53,2016-11-29 14:00,,2016-11-15 14:11,1.0
436,171,53,2016-11-29 14:00,2016-12-09 14:00,2016-12-16 13:35,
461,171,54,2017-01-10 14:00,,2016-12-15 15:39,1.0
461,171,54,2017-01-10 14:00,2017-02-03 12:00,2017-02-03 13:59,
458,171,55,2017-02-21 14:00,,2017-02-09 14:22,1.0
458,171,55,2017-02-21 14:00,2017-03-15 19:00,2017-03-16 14:25,
462,171,56,2017-04-04 14:00,,2017-03-23 15:08,1.0
462,171,56,2017-04-04 14:00,2017-04-28 13:30,2017-04-28 13:08,
463,171,57,2017-05-16 14:00,,2017-05-04 13:56,1.0
463,171,57,2017-05-16 14:00,2017-06-09 14:00,2017-06-09 14:20,
465,171,58,2017-05-10 13:00,,2017-05-05 14:15,1.0
465,171,58,2017-05-10 13:00,2017-05-10 21:30,2017-05-10 21:11,
466,171,59,2017-06-27 14:00,,2017-06-15 14:15,1.0
466,171,59,2017-06-27 14:00,2017-07-14 14:00,2017-07-14 14:51,
467,171,60,2017-09-05 14:00,,2017-08-24 13:52,1.0
467,171,60,2017-09-05 14:00,2017-09-13 13:18,2017-09-13 13:23,
472,171,61,2017-10-16 13:00,,2017-10-09 14:07,1.0
472,171,61,2017-10-16 13:00,2017-10-16 22:16,2017-10-16 22:16,
469,172,1,2017-11-20 13:00,,2017-11-08 08:58,1.0
469,172,1,2017-11-20 13:00,2017-11-24 14:09,2017-11-24 14:09,
470,172,2,2017-11-28 14:00,,2017-11-24 15:02,1.0
470,172,2,2017-11-28 14:00,2017-11-30 11:00,2017-11-30 11:01,
473,172,3,2017-12-05 14:00,,2017-11-30 11:54,1.0
473,172,3,2017-12-05 14:00,2017-12-05 19:40,2017-12-05 19:39,
474,172,4,2017-12-12 14:00,,2017-11-30 11:55,1.0
474,172,4,2017-12-12 14:00,2017-12-19 22:00,2017-12-19 21:56,
475,172,5,2018-01-10 10:00,,2018-01-04 13:29,1.0
475,172,5,2018-01-10 10:00,2018-01-16 16:15,2018-01-16 16:25,
476,172,6,2018-01-16 14:00,,2018-01-04 14:19,1.0
476,172,6,2018-01-17 09:00,2018-01-26 09:25,2018-01-26 09:25,
477,172,7,2018-02-27 14:00,,2018-03-21 16:54,1.0
477,172,7,2018-02-27 14:00,2018-03-21 18:20,2018-03-21 18:22,
480,172,8,2018-03-09 09:00,,2018-02-28 19:02,1.0
480,172,8,2018-03-09 09:00,2018-03-09 12:45,2018-03-09 12:48,
481,172,9,2018-03-07 14:30,2018-03-07 16:17,2018-03-07 16:44,
481,172,9,2018-03-07 14:30,,2018-03-02 13:17,1.0
482,172,10,2018-03-27 14:00,2018-03-27 14:31,2018-03-27 14:31,
482,172,10,2018-03-27 14:00,,2018-03-21 16:03,1.0
483,172,11,2018-03-27 15:30,,2018-03-21 16:55,1.0
483,172,11,2018-03-27 15:30,2018-03-27 16:50,2018-03-27 17:05,
478,172,12,2018-04-10 14:00,,2018-03-29 13:53,1.0
478,172,12,2018-04-10 14:00,2018-04-20 13:30,2018-04-20 14:11,
485,172,13,2018-05-22 14:00,,2018-05-11 07:47,1.0
485,172,13,2018-05-22 14:00,2018-06-13 17:53,2018-06-13 17:57,
486,172,14,2018-05-31 09:00,2020-06-04 20:55,2020-06-04 21:00,
486,172,14,2018-05-31 09:00,,2018-05-31 09:12,1.0
487,172,15,2018-06-14 09:00,,2018-06-06 16:03,1.0
487,172,15,2018-06-14 09:00,2018-06-14 11:14,2018-06-14 11:16,
488,172,16,2018-06-26 14:00,,2018-06-15 08:45,1.0
488,172,16,2018-06-26 14:00,2018-07-10 19:09,2018-07-10 19:28,
489,172,17,2018-07-11 09:20,2018-07-12 01:25,2018-07-12 01:31,
489,172,17,2018-07-11 09:00,,2018-07-03 09:21,1.0
490,172,18,2018-08-22 10:00,2018-08-22 16:01,2018-08-22 16:09,
490,172,18,2018-08-22 10:00,,2018-08-08 13:19,1.0
491,172,19,2018-09-11 14:00,2018-10-03 18:57,2018-10-03 19:24,
491,172,19,2018-09-11 14:00,,2018-08-30 15:23,1.0
492,172,20,2018-10-23 14:00,,2018-10-11 16:14,1.0
492,172,20,2018-10-23 14:00,2018-11-14 19:00,2018-11-15 09:56,
484,172,21,2018-11-14 14:30,,2018-10-31 17:53,1.0
484,172,21,2018-11-14 14:30,2018-11-14 15:05,2018-11-14 15:05,
494,172,22,2018-11-15 09:00,2018-11-15 10:30,2018-11-15 10:26,
494,172,22,2018-11-15 09:00,,2018-11-08 10:21,1.0
496,172,23,2018-11-23 09:00,,2018-11-19 11:19,1.0
496,172,23,2018-11-23 09:00,2018-11-23 16:36,2018-11-23 16:37,
495,172,24,2018-12-04 14:00,2018-12-21 12:40,2018-12-21 14:19,
495,172,24,2018-12-04 14:00,,2018-11-22 15:14,1.0
498,172,25,2018-12-13 09:00,2018-12-13 16:00,2018-12-13 16:04,
498,172,25,2018-12-13 09:00,,2018-12-07 14:27,1.0
499,172,26,2019-01-22 14:00,2019-02-13 16:00,2019-02-13 16:12,
499,172,26,2019-01-22 14:00,,2019-01-10 14:49,1.0
500,172,27,2019-03-05 14:00,,2019-02-21 16:12,1.0
500,172,27,2019-03-05 14:00,2019-03-27 20:12,2019-03-27 20:14,
501,172,28,2019-04-16 14:00,2019-05-10 14:00,2019-05-10 14:02,
501,172,28,2019-04-16 14:00,,2019-04-04 15:25,1.0
502,172,29,2019-04-25 10:00,,2019-04-18 12:33,1.0
502,172,29,2019-04-25 10:00,2019-04-25 13:22,2019-04-25 13:22,
504,172,30,2019-05-28 14:00,,2019-05-16 14:40,1.0
504,172,30,2019-05-28 14:00,2019-06-21 12:12,2019-06-21 12:18,
493,172,31,2019-05-29 15:30,2019-05-30 12:40,2019-05-30 12:38,
493,172,31,2019-05-29 15:30,,2019-05-23 13:16,1.0
508,172,32,2019-06-26 10:30,2019-06-27 04:25,2019-06-27 04:23,
508,172,32,2019-06-26 10:30,,2019-06-21 11:12,1.0
509,172,33,2019-07-09 14:00,2019-07-12 13:30,2019-07-12 13:31,
509,172,33,2019-07-09 14:00,,2019-06-27 14:31,1.0
510,172,34,2019-09-10 14:00,,2019-08-29 16:30,1.0
510,172,34,2019-09-10 14:00,2019-09-27 13:34,2019-09-27 14:52,
514,172,35,2019-10-15 14:00,,2019-10-03 15:46,1.0
514,172,35,2019-10-15 14:00,2019-11-08 14:00,2019-11-08 14:13,
516,172,36,2019-10-25 09:00,2019-11-08 09:16,2019-11-08 09:19,
516,172,36,2019-10-25 09:00,,2019-10-18 10:20,1.0
517,172,37,2019-11-01 09:00,2019-11-08 09:22,2019-11-08 09:22,
517,172,37,2019-11-01 09:00,,2019-10-23 18:30,1.0
518,172,38,2019-11-08 09:00,2019-11-08 09:05,2019-11-08 09:06,
518,172,38,2019-11-08 09:00,,2019-11-01 15:03,1.0
519,172,39,2019-11-26 14:00,,2019-11-14 16:02,1.0
519,172,39,2019-11-26 14:00,2019-12-18 19:00,2019-12-18 19:11,
521,172,40,2020-01-21 14:00,,2020-01-09 15:38,1.0
521,172,40,2020-01-21 14:00,2020-02-13 17:10,2020-02-13 17:11,
525,172,41,2020-03-03 14:00,2020-03-11 15:12,2020-03-11 15:13,
525,172,41,2020-03-03 14:00,,2020-02-20 15:38,1.0
528,172,42,2020-03-24 11:00,2020-03-24 20:44,2020-03-24 20:45,
528,172,42,2020-03-24 11:00,,2020-03-19 20:34,1.0
529,172,43,2020-04-07 10:00,,2020-04-01 17:33,1.0
529,172,43,2020-04-07 10:00,2020-04-07 16:59,2020-04-07 17:00,
530,172,44,2020-04-07 11:00,,2020-04-02 21:45,1.0
530,172,44,2020-04-07 11:00,2020-04-09 02:45,2020-04-09 02:46,
527,172,45,2020-04-21 14:00,,2020-04-02 16:46,1.0
527,172,45,2020-04-21 14:00,2020-05-06 18:40,2020-05-06 18:38,
531,172,46,2020-04-07 12:00,,2020-04-02 21:47,1.0
531,172,46,2020-04-09 02:47,2020-04-09 02:51,2020-04-09 02:52,
534,172,47,2020-04-28 10:00,2020-06-04 20:49,2020-06-04 21:01,
534,172,47,2020-04-28 10:00,,2020-04-24 15:42,1.0
536,172,48,2020-05-13 15:00,,2020-05-11 19:15,1.0
536,172,48,2020-05-13 15:00,2020-05-13 21:30,2020-05-13 21:30,
535,172,49,2020-05-26 14:00,2020-06-19 14:03,2020-07-21 13:03,
535,172,49,2020-05-26 14:00,,2020-05-14 15:48,1.0
538,172,50,2020-05-28 09:00,,2020-05-21 15:37,1.0
538,172,50,2020-05-28 09:00,2020-06-04 20:46,2020-06-04 20:46,
540,172,51,2020-06-18 09:00,,2020-06-10 12:52,1.0
540,172,51,2020-06-18 09:00,2020-06-18 17:30,2020-06-18 17:32,
541,172,52,2020-06-23 09:00,,2020-06-16 16:31,1.0
541,172,52,2020-06-23 09:00,2020-06-23 16:30,2020-06-23 16:29,
544,172,53,2020-06-30 09:00,2020-06-30 12:45,2020-06-30 12:42,
544,172,53,2020-06-30 09:00,,2020-06-23 16:59,1.0
543,172,54,2020-07-07 14:00,2020-07-08 19:01,2020-07-08 19:09,
543,172,54,2020-07-07 14:00,,2020-06-30 08:53,1.0
546,172,55,2020-07-10 09:00,2020-07-10 10:15,2020-07-10 10:16,
546,172,55,2020-07-10 09:00,,2020-07-01 10:38,1.0
547,172,56,2020-07-09 09:00,,2020-07-07 18:47,1.0
547,172,56,2020-07-09 09:00,2020-07-10 11:57,2020-07-10 11:57,
549,172,57,2020-08-19 10:00,,2020-08-17 17:43,1.0
549,172,57,2020-08-19 10:00,2020-08-19 18:19,2020-08-19 18:19,
548,172,58,2020-09-15 14:00,,2020-09-03 16:14,1.0
548,172,58,2020-09-15 14:00,2020-10-01 16:10,2020-10-01 16:12,
550,172,59,2020-09-10 10:00,2020-09-10 11:59,2020-09-10 12:02,
550,172,59,2020-09-10 10:00,,2020-09-03 16:20,1.0
553,172,60,2020-09-30 09:00,2020-09-30 17:34,2020-09-30 17:34,
553,172,60,2020-09-30 09:00,,2020-09-25 14:17,1.0
554,172,61,2020-10-07 10:00,2020-10-07 19:24,2020-10-07 19:25,
554,172,61,2020-10-07 10:00,,2020-09-30 15:38,1.0
555,172,62,2020-10-20 14:00,,2020-10-08 16:27,1.0
555,172,62,2020-10-20 14:00,2020-11-13 15:46,2020-11-13 15:47,
557,172,63,2020-10-27 14:00,,2020-10-22 18:14,1.0
557,172,63,2020-10-27 14:00,2020-10-27 15:34,2020-10-27 15:35,
559,172,64,2020-11-05 09:00,,2020-10-29 14:20,1.0
559,172,64,2020-11-05 09:00,2020-11-05 18:31,2020-11-05 18:31,
561,172,65,2020-11-19 14:00,,2020-11-13 11:51,1.0
561,172,65,2020-11-19 14:00,2020-11-20 09:45,2020-11-20 09:45,
564,172,66,2020-11-20 09:00,,2020-11-13 11:51,1.0
564,172,66,2020-11-20 09:00,2020-11-20 09:32,2020-11-20 09:33,
563,172,67,2020-11-20 10:00,,2020-11-13 11:53,1.0
563,172,67,2020-11-20 10:00,2020-11-26 11:20,2020-11-26 11:20,
562,172,68,2020-11-20 12:00,2020-11-20 12:46,2020-11-20 12:47,
562,172,68,2020-11-20 12:00,,2020-11-13 11:54,1.0
566,172,69,2020-11-19 18:00,,2020-11-13 14:06,1.0
566,172,69,2020-11-19 18:00,2020-11-19 18:39,2020-11-19 18:40,
567,172,70,2020-11-19 08:00,,2020-11-16 17:59,1.0
567,172,70,2020-11-19 08:00,2020-11-19 19:03,2020-11-19 19:03,
569,172,71,2020-11-20 14:00,,2020-11-16 18:15,1.0
568,172,72,2020-12-01 14:00,2020-12-18 14:44,2020-12-18 15:42,
568,172,72,2020-12-01 14:00,,2020-11-19 15:43,1.0
572,172,73,2020-11-26 10:00,,2020-11-20 15:15,1.0
572,172,73,2020-11-26 10:00,2020-11-26 11:12,2020-11-26 11:12,
573,172,74,2020-11-26 12:00,2020-11-26 12:46,2020-11-26 12:46,
573,172,74,2020-11-26 12:00,,2020-11-24 09:33,1.0
575,172,75,2020-12-10 09:00,2020-12-10 13:05,2020-12-10 13:06,
575,172,75,2020-12-10 09:00,,2020-12-03 10:15,1.0
576,172,76,2020-12-09 14:00,,2020-12-07 19:21,1.0
576,172,76,2020-12-09 14:00,2020-12-09 21:25,2020-12-09 21:25,
577,172,77,2020-12-10 14:30,2020-12-10 14:54,2020-12-10 14:55,
577,172,77,2020-12-10 14:30,,2020-12-07 19:21,1.0
578,172,78,2020-12-22 09:00,,2020-12-16 14:31,1.0
578,172,78,2020-12-22 09:00,2020-12-22 18:30,2020-12-22 18:36,
579,172,79,2021-01-19 14:00,2021-02-12 13:56,2021-02-12 15:01,
579,172,79,2021-01-19 14:00,,2021-01-07 14:50,1.0
580,172,80,2021-01-21 09:00,2021-01-21 19:21,2021-01-21 19:41,
580,172,80,2021-01-21 09:00,,2021-01-18 18:12,1.0
581,172,81,2021-01-28 09:00,2021-01-28 13:06,2021-01-28 13:07,
581,172,81,2021-01-28 09:00,,2021-01-22 12:25,1.0
582,172,82,2021-02-10 17:00,,2021-02-02 15:39,1.0
582,172,82,2021-02-10 17:00,,2021-02-10 19:07,
584,172,83,2021-02-11 09:00,,2021-02-09 12:45,1.0
584,172,83,2021-02-11 09:00,2021-04-07 14:31,2021-04-07 14:32,
585,172,84,2021-02-19 09:00,,2021-02-19 11:50,
585,172,84,2021-02-19 09:00,,2021-02-11 09:24,1.0
586,172,85,2021-02-19 12:00,,2021-02-12 15:18,1.0
586,172,85,2021-02-19 12:00,2021-02-19 12:30,2021-02-19 12:30,
588,172,86,2021-02-18 09:00,2021-02-18 21:54,2021-02-18 21:55,
588,172,86,2021-02-18 09:00,,2021-02-16 00:11,1.0
587,172,87,2021-03-02 14:00,2021-03-25 17:00,2021-03-25 17:01,
587,172,87,2021-03-02 14:00,,2021-03-01 09:01,1.0
590,172,88,2021-02-26 09:00,,2021-02-25 09:45,1.0
590,172,88,2021-02-26 09:00,,2021-02-26 19:07,
591,172,89,2021-03-04 11:00,2021-03-04 13:24,2021-03-11 08:22,
591,172,89,2021-03-04 11:00,,2021-02-25 15:52,1.0
592,172,90,2021-03-09 14:00,2021-03-09 14:50,2021-03-09 14:50,
592,172,90,2021-03-09 14:00,,2021-03-02 16:31,1.0
593,172,91,2021-03-23 14:30,,2021-03-16 15:23,1.0
593,172,91,2021-03-23 14:30,,2021-04-07 19:00,
595,172,92,2021-03-24 18:30,2021-03-24 18:59,2021-03-24 19:01,
595,172,92,2021-03-24 18:30,,2021-03-17 13:16,1.0
596,172,93,2021-03-26 09:00,2021-05-27 16:48,2021-05-27 16:48,
596,172,93,2021-03-26 09:00,,2021-03-17 16:13,1.0
597,172,94,2021-03-26 10:30,,2021-03-23 10:58,1.0
597,172,94,2021-03-26 10:30,2021-03-26 20:07,2021-03-26 20:06,
598,172,95,2021-04-01 09:00,2021-04-01 15:48,2021-04-01 15:48,
598,172,95,2021-04-01 09:00,,2021-03-24 13:51,1.0
599,172,96,2021-04-01 00:00,2021-04-01 16:36,2021-04-01 16:36,
599,172,96,2021-04-01 00:00,,2021-03-31 13:22,1.0
602,172,97,2021-04-07 10:00,,2021-03-31 13:20,1.0
602,172,97,2021-04-07 10:00,2021-04-07 13:19,2021-04-07 13:20,
600,172,98,2021-04-13 14:00,2021-05-07 13:53,2021-05-07 13:55,
600,172,98,2021-04-13 14:00,,2021-04-01 15:28,1.0
603,172,99,2020-04-21 09:00,,2021-04-15 16:28,1.0
603,172,99,2021-04-21 09:00,,2021-04-21 13:48,
604,172,100,2021-04-29 09:00,,2021-04-20 18:02,1.0
604,172,100,2021-04-29 09:00,2021-04-29 16:34,2021-04-29 16:34,
605,172,101,2021-05-05 14:30,2021-05-05 15:51,2021-05-05 15:51,
605,172,101,2021-05-05 14:30,,2021-04-29 16:32,1.0
607,172,102,2021-05-12 09:00,2021-05-27 16:52,2021-05-27 16:58,
607,172,102,2021-05-12 09:00,,2021-05-05 18:41,1.0
608,172,103,2021-05-12 15:00,,2021-05-06 17:05,1.0
608,172,103,2021-05-12 15:00,2021-05-12 18:30,2021-05-12 18:30,
606,172,104,2021-05-25 14:00,,2021-05-13 15:46,1.0
606,172,104,2021-05-25 14:00,2021-06-18 13:20,2021-06-18 13:22,
610,172,105,2021-05-27 09:00,,2021-05-27 16:01,
610,172,105,2021-05-27 09:00,,2021-05-20 14:38,1.0
612,172,106,2021-06-03 09:00,,2021-06-01 15:37,1.0
612,172,106,2021-06-03 09:00,2021-06-03 23:05,2021-06-03 23:09,
613,172,107,2021-06-09 09:00,,2021-06-02 11:18,1.0
613,172,107,2021-06-09 09:00,2021-06-09 09:05,2021-06-09 09:07,
611,172,108,2021-06-09 12:00,,2021-06-09 15:00,
611,172,108,2021-06-09 12:00,,2021-06-02 11:20,1.0
614,172,109,2021-06-09 15:00,,2021-06-04 12:09,1.0
614,172,109,2021-06-09 15:00,2021-06-09 15:54,2021-06-09 15:55,
616,172,110,2021-06-23 14:00,2021-06-23 16:05,2021-06-23 16:25,
616,172,110,2021-06-23 14:00,,2021-06-16 15:06,1.0
617,172,111,2021-07-07 09:00,,2021-06-24 14:43,1.0
617,172,111,2021-07-07 09:00,,2021-07-16 10:53,
620,172,112,2021-07-15 09:00,,2021-07-29 10:16,
620,172,112,2021-07-15 09:00,,2021-07-09 15:09,1.0
623,172,113,2021-07-28 09:00,,2021-07-19 12:28,1.0
623,172,113,2021-07-28 09:00,,2021-07-28 14:46,
622,172,114,2021-07-28 11:00,,2021-07-20 14:21,1.0
622,172,114,2021-07-28 11:00,,2021-07-28 14:46,
621,172,115,2021-07-30 09:00,,2021-07-20 14:22,1.0
621,172,115,2021-07-30 09:00,,2021-07-30 14:24,
624,172,116,2021-08-06 09:00,,2021-07-30 14:19,1.0
624,172,116,2021-08-06 09:00,,2021-08-06 14:11,
625,172,117,2021-08-13 09:00,2021-08-10 00:00,2021-08-10 10:30,1.0
619,172,118,2021-09-14 14:00,,2021-09-02 15:46,1.0
619,172,118,2021-09-14 14:00,2021-09-17 15:35,2021-09-17 15:41,
628,172,119,2021-10-05 10:00,,2021-10-05 16:17,1.0
628,172,119,2021-10-05 10:00,2021-10-05 17:25,2021-10-05 17:25,
627,172,120,2021-10-05 14:00,,2021-09-29 15:35,1.0
627,172,120,2021-10-05 14:00,2021-10-05 15:54,2021-10-05 15:55,
629,173,1,2021-11-08 14:00,,2021-10-25 12:03,1.0
629,173,1,2021-11-08 14:00,2021-11-10 22:35,2021-11-10 22:37,
630,173,2,2021-11-23 14:00,,2021-11-11 13:03,1.0
630,173,2,2021-11-23 14:00,2021-11-26 10:19,2021-11-26 10:21,
633,173,3,2021-12-01 14:00,,2021-11-30 07:43,1.0
633,173,3,2021-12-01 14:00,2021-12-01 17:03,2021-12-01 17:04,
634,173,4,2021-12-14 14:00,,2021-12-02 09:37,1.0
634,173,4,2021-12-14 14:00,2021-12-14 19:49,2021-12-15 10:49,
637,173,5,2021-12-15 09:00,2021-12-15 12:13,2021-12-15 12:17,
637,173,5,2021-12-15 09:00,,2021-12-07 15:43,1.0
638,173,6,2022-01-11 14:00,,2021-12-15 13:09,1.0
638,173,6,2022-01-11 14:00,2022-01-28 13:10,2022-01-28 13:39,
639,173,7,2022-01-13 09:00,2022-01-13 10:58,2022-01-13 11:05,
639,173,7,2022-01-13 09:00,,2022-01-05 11:31,1.0
643,173,8,2022-02-01 10:00,2022-02-02 22:03,2022-02-04 10:56,
643,173,8,2022-02-01 10:00,,2022-01-25 17:45,1.0
642,173,9,2022-02-15 14:00,,2022-02-04 10:28,1.0
642,173,9,2022-02-15 14:00,2022-03-04 13:24,2022-03-04 13:29,
645,173,10,2022-02-17 09:00,2022-02-17 13:46,2022-02-17 13:53,
645,173,10,2022-02-17 09:00,,2022-02-09 09:40,1.0
647,173,11,2022-02-18 09:00,2022-02-18 21:43,2022-02-18 21:46,
647,173,11,2022-02-18 09:00,,2022-02-16 15:14,1.0
648,173,12,2022-02-22 10:00,,2022-02-17 10:50,1.0
648,173,12,2022-02-22 10:00,2022-02-22 13:15,2022-02-22 13:16,
650,173,13,2022-02-24 16:00,2022-02-24 17:22,2022-02-24 17:29,
650,173,13,2022-02-24 16:00,,2022-02-24 13:23,1.0
652,173,14,2022-03-10 09:00,2022-03-10 17:02,2022-03-10 17:03,
652,173,14,2022-03-10 09:00,,2022-03-04 12:35,1.0
654,173,15,2022-03-11 09:00,,2022-03-09 18:56,1.0
654,173,15,2022-03-11 09:00,2022-03-11 14:35,2022-03-11 14:36,
653,173,16,2022-03-22 14:00,2022-04-08 12:04,2022-04-08 12:07,
653,173,16,2022-03-22 14:00,,2022-03-15 09:21,1.0
655,173,17,2022-03-29 10:00,,2022-03-24 11:08,1.0
655,173,17,2022-03-29 10:00,2022-03-29 19:08,2022-03-29 19:08,
658,173,18,2022-04-07 09:00,2022-04-07 12:30,2022-04-07 12:31,
658,173,18,2022-04-07 09:00,,2022-03-30 15:47,1.0
659,173,19,2022-04-26 14:00,2022-05-13 13:30,2022-05-13 13:32,
659,173,19,2022-04-26 14:00,,2022-04-14 15:28,1.0
661,173,20,2022-05-03 10:00,,2023-03-21 12:31,
661,173,20,2022-05-03 10:00,,2022-04-27 15:32,1.0
662,173,21,2022-05-03 00:00,,2022-04-27 15:51,1.0
662,173,21,2022-05-05 00:00,2022-05-05 11:48,2022-05-05 12:00,
664,173,22,2022-05-04 18:00,2022-05-04 18:33,2022-05-04 18:33,
664,173,22,2022-05-04 18:00,,2022-05-04 15:46,1.0
663,173,23,2022-05-12 18:15,,2022-05-05 12:15,1.0
663,173,23,2022-05-12 18:15,2022-05-12 20:33,2022-05-12 20:34,
666,173,24,2022-05-19 15:00,,2022-05-17 19:38,1.0
666,173,24,2022-05-19 15:00,2022-05-19 20:56,2022-05-19 20:56,
665,173,25,2022-05-31 14:00,2022-06-17 13:41,2022-06-20 07:44,
665,173,25,2022-05-31 14:00,,2022-05-23 12:42,1.0
668,173,26,2022-06-15 15:00,,2022-06-07 15:34,1.0
668,173,26,2022-06-15 15:00,2022-06-15 17:20,2022-06-15 17:20,
670,173,27,2022-06-23 09:00,,2022-06-15 16:22,1.0
670,173,27,2022-06-23 09:00,2022-06-24 00:34,2022-06-24 00:34,
671,173,28,2022-06-24 09:00,2022-06-24 10:20,2022-07-07 13:41,
671,173,28,2022-06-24 09:00,,2022-06-17 11:58,1.0
673,173,29,2022-07-08 09:00,2022-07-20 12:41,2022-07-20 12:41,
673,173,29,2022-07-08 09:00,,2022-06-23 14:39,1.0
675,173,30,2022-07-07 10:00,,2022-06-27 16:18,1.0
676,173,31,2022-07-07 13:30,2022-07-12 16:05,2022-07-12 16:06,
676,173,31,2022-07-07 13:30,,2022-06-28 14:20,1.0
677,173,32,2022-07-14 11:00,,2022-07-07 18:48,1.0
677,173,32,2022-07-14 11:00,2022-11-18 13:57,2022-11-18 13:58,
679,173,33,2022-08-26 09:00,,2022-08-16 12:16,1.0
679,173,33,2022-08-26 09:00,2022-08-27 04:20,2022-08-27 04:20,
681,173,34,2022-08-26 00:00,,2022-08-27 04:58,1.0
678,173,35,2022-09-06 14:00,2022-09-30 13:23,2022-09-30 13:24,
678,173,35,2022-09-06 14:00,,2022-08-25 14:31,1.0
682,173,36,2022-09-01 13:00,2022-09-02 11:53,2022-09-02 12:40,
682,173,36,2022-09-01 13:00,,2022-08-26 17:05,1.0
684,173,37,2022-09-16 17:00,,2022-09-09 14:09,1.0
684,173,37,2022-09-16 17:00,2022-09-16 17:26,2022-09-16 17:26,
685,173,38,2022-09-16 17:30,,2022-09-12 15:58,1.0
685,173,38,2022-09-16 17:30,2022-09-16 18:23,2022-09-16 18:25,
686,173,39,2022-09-16 11:00,2022-09-16 18:59,2022-09-16 18:59,
686,173,39,2022-09-16 11:00,,2022-09-13 16:47,1.0
691,173,40,2022-09-29 09:00,,2022-09-23 12:40,1.0
691,173,40,2022-09-29 09:00,2022-09-29 17:17,2022-09-29 17:17,
688,173,41,2022-10-11 14:00,2022-10-26 18:40,2022-10-26 18:42,
688,173,41,2022-10-11 14:00,,2022-10-05 14:30,1.0
694,173,42,2022-10-18 14:00,,2022-10-11 10:53,1.0
694,173,42,2022-10-18 14:00,2022-10-18 18:32,2022-10-18 18:32,
689,173,43,2022-11-01 09:00,2022-11-01 22:10,2022-11-01 22:10,
689,173,43,2022-11-01 09:00,,2022-10-26 15:53,1.0
696,173,44,2022-11-04 09:00,,2022-10-26 15:53,1.0
696,173,44,2022-11-04 09:00,2022-11-16 11:51,2022-11-16 11:51,
697,173,45,2022-11-15 14:00,2022-12-02 12:47,2022-12-02 12:49,
697,173,45,2022-11-15 14:00,,2022-11-03 15:33,1.0
700,173,46,2022-11-25 09:00,,2022-11-18 10:14,1.0
700,173,46,2022-11-25 09:00,2022-11-25 13:01,2022-11-25 13:01,
701,173,47,2022-11-29 14:15,2022-11-29 17:54,2022-11-29 17:55,
701,173,47,2022-11-29 14:15,,2022-11-23 14:03,1.0
703,173,48,2022-12-13 14:00,,2022-12-01 14:46,1.0
703,173,48,2022-12-13 14:00,2022-12-16 13:29,2022-12-16 14:43,
704,173,49,2022-12-15 09:00,,2022-12-05 14:26,1.0
704,173,49,2022-12-15 09:00,2022-12-15 11:45,2022-12-15 11:46,
672,173,50,2023-01-10 14:00,,2022-12-15 09:58,1.0
672,173,50,2023-01-10 14:00,2023-01-25 12:56,2023-01-27 09:54,
705,173,51,2023-01-17 10:00,2023-01-19 00:16,2023-01-19 00:16,
705,173,51,2023-01-17 10:00,,2023-01-13 12:18,1.0
706,173,52,2023-02-07 14:00,,2023-01-25 15:57,1.0
706,173,52,2023-02-07 14:00,2023-02-10 14:11,2023-02-10 14:13,
708,173,53,2023-02-21 14:00,,2023-02-09 15:42,1.0
708,173,53,2023-02-21 14:00,2023-03-24 11:43,2023-03-24 11:44,
709,173,54,2023-02-22 09:00,,2023-02-14 15:24,1.0
709,173,54,2023-02-22 09:00,2023-05-30 19:07,2023-05-31 08:19,
710,173,55,2023-02-28 10:00,2023-03-04 11:25,2023-03-04 11:26,
710,173,55,2023-02-28 10:00,,2023-02-21 19:04,1.0
712,173,56,2023-03-04 00:00,,2023-03-04 00:41,1.0
713,173,57,2023-03-04 00:00,,2023-03-04 02:01,1.0
714,173,58,2023-03-08 15:00,,2023-02-28 13:23,1.0
714,173,58,2023-03-08 15:00,2023-03-08 15:53,2023-03-08 15:53,
715,173,59,2023-03-08 16:00,2023-03-08 16:54,2023-03-08 16:55,
715,173,59,2023-03-08 16:00,,2023-03-08 16:02,1.0
716,173,60,2023-03-08 17:00,2023-04-19 19:23,2023-04-19 19:24,
716,173,60,2023-03-08 17:00,,2023-03-08 17:01,1.0
717,173,61,2023-03-08 17:30,,2023-03-08 17:31,1.0
717,173,61,2023-03-08 17:30,2023-03-08 18:45,2023-03-08 18:46,
718,173,62,2023-03-10 12:00,2023-03-10 12:49,2023-03-10 12:50,1.0
718,173,62,2023-03-10 12:00,2023-03-10 12:49,2023-03-10 12:52,
720,173,63,2023-04-04 14:00,,2023-03-10 11:13,1.0
720,173,63,2023-04-04 14:00,2023-05-03 12:09,2023-05-03 12:36,
726,173,64,2023-04-19 15:00,,2023-04-19 15:08,1.0
727,173,65,2023-05-16 14:00,,2023-05-03 13:54,1.0
727,173,65,2023-05-16 14:00,2023-06-15 17:59,2023-06-16 08:47,
722,173,66,2023-05-19 09:00,,2023-05-12 08:09,1.0
722,173,66,2023-05-19 09:00,2023-06-16 11:20,2023-06-16 12:32,
721,173,67,2023-06-08 12:00,2023-06-09 01:27,2023-06-09 01:27,
721,173,67,2023-06-08 12:00,,2023-05-31 15:39,1.0
731,173,68,2023-06-14 14:30,,2023-06-09 14:58,1.0
731,173,68,2023-06-14 14:30,2023-06-14 18:57,2023-06-14 18:57,
732,173,69,2023-06-16 09:00,,2023-06-09 15:00,1.0
732,173,69,2023-06-16 09:00,2023-06-21 14:19,2023-06-21 14:19,
719,173,70,2023-06-27 14:00,,2023-06-27 17:30,1.0
719,173,70,2023-06-27 14:00,2023-07-12 11:36,2023-08-21 10:01,
734,173,71,2023-07-11 10:00,,2023-07-03 10:30,1.0
734,173,71,2023-07-11 10:00,2023-07-26 13:09,2023-07-26 13:10,
735,173,72,2023-07-19 14:00,,2023-07-12 18:01,1.0
735,173,72,2023-07-19 14:00,2023-07-19 18:43,2023-07-19 18:43,
738,173,73,2023-08-29 10:00,2023-08-29 22:27,2023-08-29 22:28,
738,173,73,2023-08-29 10:00,,2023-08-21 15:13,1.0
737,173,74,2023-09-05 14:00,2023-09-15 13:27,2023-09-15 13:31,
737,173,74,2023-09-05 14:00,,2023-08-24 14:18,1.0
740,173,75,2023-09-07 09:00,2023-09-07 18:45,2023-09-07 18:45,
740,173,75,2023-09-07 09:00,,2023-09-07 09:01,1.0
741,173,76,2023-09-26 14:00,2023-09-26 22:41,2023-09-26 22:41,
741,173,76,2023-09-26 14:00,,2023-09-13 15:19,1.0
743,173,77,2023-09-22 09:00,,2023-09-15 13:21,1.0
743,173,77,2023-09-22 09:00,2023-10-13 12:36,2023-10-13 12:41,
742,173,78,2023-10-10 14:00,,2023-09-27 14:39,1.0
742,173,78,2023-10-10 14:00,2023-10-27 14:00,2023-10-27 14:10,
749,173,79,2023-10-17 10:00,,2023-10-12 14:27,1.0
749,173,79,2023-10-17 10:00,2023-10-19 01:14,2023-10-19 01:15,
750,173,80,2023-10-26 11:00,,2023-10-20 12:53,1.0
750,173,80,2023-10-26 11:00,2023-10-26 11:59,2023-10-26 12:00,
752,173,81,2023-11-03 09:00,,2023-11-03 14:47,
752,173,81,2023-11-03 09:00,,2023-10-27 15:00,1.0
751,173,82,2023-11-14 14:00,,2023-11-03 09:32,1.0
751,173,82,2023-11-14 14:00,2023-12-01 11:31,2023-12-04 09:54,
755,173,83,2023-11-16 09:00,2023-11-16 16:11,2023-11-16 16:13,1.0
755,173,83,2023-11-16 09:00,2023-11-16 16:11,2023-11-16 16:42,
756,173,84,2023-11-30 09:00,2023-11-30 15:52,2023-11-30 15:57,
756,173,84,2023-11-30 09:00,,2023-11-24 09:34,1.0
757,173,85,2023-11-30 00:00,2023-11-30 17:49,2023-11-30 17:49,
757,173,85,2023-11-30 00:00,,2023-11-24 09:36,1.0
758,173,86,2023-12-12 14:00,2023-12-13 13:54,2023-12-13 13:56,
758,173,86,2023-12-12 14:00,,2023-11-29 17:40,1.0
760,173,87,2024-01-16 14:00,,2024-01-04 16:29,1.0
